"lat"; "lon"; "s"; "alt"
51.654742;6.448487;0;19.243
51.654879;6.44836;82;15.17
51.654941;6.448322;96;16.687
51.654909;6.448327;95;15.17
51.654901;6.448351;91;13.653
51.654894;6.448362;86;13.653
51.654895;6.448366;85;15.17
51.654926;6.448378;81;13.653
51.65498;6.448403;85;7.585
51.654982;6.448426;84;7.585
51.65497;6.448456;79;7.585
51.65497;6.448457;74;7.585
51.654975;6.448462;73;7.585
51.654977;6.448458;70;7.585
51.654973;6.44846;70;9.101999
51.654973;6.448461;69;7.585
51.654973;6.448461;70;7.585
51.654973;6.448461;70;6.068
51.654973;6.448461;70;6.068
51.654974;6.44846;70;6.068
51.654978;6.448457;71;7.585
51.654974;6.448471;73;4.5509996
51.654974;6.448503;71;4.5509996
51.654955;6.448546;71;6.068
51.654926;6.448598;72;4.5509996
51.654864;6.448628;72;4.5509996
51.654817;6.448649;69;4.5509996
51.654771;6.448649;68;4.5509996
51.654741;6.448566;68;4.5509996
51.654695;6.44848;67;4.5509996
51.654636;6.448446;66;4.5509996
51.654569;6.448481;67;4.5509996
51.654506;6.44856;66;4.5509996
51.654447;6.448631;65;4.5509996
51.654727;6.448433;0;33.968
51.654362;6.448748;63;4.5509996
51.654312;6.448807;64;4.5509996
51.654263;6.448865;64;4.5509996
51.654206;6.448923;62;4.5509996
51.654168;6.448952;61;4.5509996
51.654107;6.449004;61;4.5509996
51.654065;6.449044;64;4.5509996
51.653989;6.449119;64;4.5509996
51.653922;6.449202;64;4.5509996
51.653862;6.449272;65;4.5509996
51.653817;6.449334;66;4.5509996
51.65376;6.449389;69;4.5509996
51.653694;6.449363;69;4.5509996
51.653664;6.449327;69;4.5509996
51.653641;6.449265;69;4.5509996
51.653644;6.449244;69;6.068
51.653656;6.449259;68;6.068
51.653663;6.449268;67;6.068
51.653665;6.449273;67;6.068
51.653672;6.449265;65;4.5509996
51.653678;6.449257;65;4.5509996
51.65357;6.4491;0;22.106
51.653619;6.449066;66;4.5509996
51.653589;6.448999;67;4.5509996
51.653545;6.448885;68;4.5509996
51.653508;6.448792;66;6.068
51.653487;6.448726;66;7.585
51.653463;6.448685;67;7.585
51.653454;6.448149;0;19.659
51.653454;6.448583;67;7.585
51.653451;6.448558;68;7.585
51.653429;6.448481;67;7.585
51.653403;6.448375;68;6.068
51.653405;6.448308;63;6.068
51.653375;6.448232;62;6.068
51.653321;6.448164;64;4.5509996
51.653269;6.448156;62;4.5509996
51.653237;6.448153;59;6.068
51.653216;6.448163;58;4.5509996
51.653171;6.448182;56;4.5509996
51.653141;6.448172;56;4.5509996
51.653101;6.448156;56;6.068
51.65306;6.448163;57;7.585
51.653018;6.448216;57;6.068
51.652974;6.44827;59;7.585
51.652921;6.448321;58;9.101999
51.652873;6.448362;58;10.6189995
51.652815;6.448413;57;9.101999
51.652769;6.448466;56;9.101999
51.652727;6.448503;57;10.6189995
51.652689;6.44854;57;9.101999
51.652641;6.448588;60;9.101999
51.652586;6.448598;63;9.101999
51.652549;6.448553;65;9.101999
51.652528;6.448526;65;7.585
51.652497;6.448511;65;7.585
51.652447;6.448473;66;6.068
51.652401;6.448421;67;6.068
51.652353;6.448356;66;6.068
51.652322;6.448323;67;6.068
51.652276;6.448273;68;6.068
51.652254;6.448252;68;6.068
51.652205;6.448199;67;4.5509996
51.652167;6.448147;65;4.5509996
51.651938;6.44792;0;24.696
51.652103;6.448029;64;7.585
51.652076;6.44796;65;7.585
51.652023;6.4479;67;9.101999
51.651981;6.447845;65;9.101999
51.651953;6.447787;69;7.585
51.651927;6.447748;70;7.585
51.65191;6.447712;68;6.068
51.651873;6.44766;68;6.068
51.651848;6.447644;69;6.068
51.651829;6.447651;66;6.068
51.651826;6.447606;65;6.068
51.651784;6.447552;64;6.068
51.65172;6.447505;65;4.5509996
51.651677;6.447433;64;6.068
51.651621;6.447362;64;6.068
51.651573;6.447282;63;6.068
51.651545;6.447228;63;6.068
51.6515;6.447151;63;6.068
51.651472;6.447086;63;6.068
51.651452;6.44702;62;7.585
51.651449;6.44698;59;7.585
51.651447;6.446931;59;10.6189995
51.651443;6.446857;56;10.6189995
51.651459;6.446734;55;9.101999
51.651483;6.446633;56;9.101999
51.651472;6.446545;58;9.101999
51.651447;6.44645;57;9.101999
51.651423;6.446392;57;7.585
51.651377;6.446318;56;7.585
51.65133;6.446218;56;7.585
51.651295;6.446126;56;9.101999
51.651254;6.446025;55;7.585
51.651208;6.445938;57;7.585
51.651162;6.445889;57;7.585
51.651119;6.445869;63;7.585
51.651051;6.445843;61;7.585
51.650994;6.44589;62;7.585
51.650933;6.445941;63;6.068
51.650873;6.445953;65;6.068
51.650845;6.445906;61;4.5509996
51.650753;6.445938;0;23.635
51.650821;6.445862;59;7.585
51.650778;6.445853;59;9.101999
51.650709;6.445867;62;7.585
51.65066;6.445907;63;7.585
51.650597;6.445921;62;6.068
51.650554;6.445897;64;6.068
51.650519;6.445812;61;7.585
51.650502;6.445743;60;6.068
51.650484;6.445636;60;7.585
51.650472;6.44554;62;7.585
51.650465;6.445445;62;9.101999
51.650457;6.44535;63;10.6189995
51.650436;6.445237;62;9.101999
51.650393;6.445172;62;7.585
51.650356;6.445157;63;6.068
51.650307;6.445116;63;6.068
51.650259;6.44508;63;6.068
51.650231;6.445039;66;6.068
51.650225;6.445029;66;6.068
51.650216;6.445016;67;6.068
51.650204;6.445022;68;4.5509996
51.650181;6.445028;68;4.5509996
51.650135;6.445024;68;6.068
51.650083;6.445046;68;6.068
51.650028;6.445105;69;4.5509996
51.649967;6.44516;70;6.068
51.649912;6.445203;72;6.068
51.649682;6.44568;0;22.536
51.649893;6.44534;73;4.5509996
51.649919;6.445441;70;4.5509996
51.64995;6.445545;71;4.5509996
51.649981;6.445657;71;4.5509996
51.650013;6.445755;72;4.5509996
51.650031;6.44583;71;4.5509996
51.650234;6.445943;0;22.847
51.650051;6.445969;67;4.5509996
51.650075;6.446028;68;7.585
51.650067;6.446124;70;9.101999
51.650042;6.446181;70;9.101999
51.649993;6.446229;70;9.101999
51.649964;6.446244;68;7.585
51.64989;6.446436;0;19.733
51.649915;6.446304;63;7.585
51.649882;6.446362;63;7.585
51.64987;6.446374;60;7.585
51.649833;6.446396;58;10.6189995
51.649777;6.446451;61;7.585
51.649737;6.4465;61;9.101999
51.64961;6.446656;0;21.603
51.649656;6.446577;61;7.585
51.649618;6.446609;63;9.101999
51.649578;6.446655;64;9.101999
51.64953;6.446728;64;9.101999
51.649468;6.446804;66;13.653
51.649429;6.446872;67;12.136
51.649477;6.447119;0;21.385
51.649353;6.44695;66;7.585
51.64931;6.447005;66;7.585
51.649265;6.447058;66;6.068
51.649227;6.447083;65;6.068
51.649193;6.447103;63;6.068
51.649142;6.447168;63;6.068
51.649087;6.447237;66;6.068
51.649049;6.44728;66;6.068
51.649007;6.447332;66;6.068
51.64898;6.447361;65;7.585
51.648933;6.447394;61;9.101999
51.648881;6.44744;61;9.101999
51.648831;6.447486;61;7.585
51.648784;6.447539;61;7.585
51.648745;6.447563;62;7.585
51.648677;6.447613;65;7.585
51.648629;6.447655;65;6.068
51.648578;6.447721;66;4.5509996
51.648529;6.447779;67;4.5509996
51.648473;6.447826;68;4.5509996
51.648428;6.447882;67;6.068
51.6484;6.447918;65;6.068
51.648363;6.447953;64;7.585
51.648323;6.448001;64;6.068
51.648279;6.448043;65;6.068
51.648239;6.448078;66;7.585
51.648197;6.448106;66;7.585
51.648164;6.44814;64;7.585
51.648138;6.44819;65;7.585
51.648091;6.448268;66;7.585
51.648035;6.448334;68;9.101999
51.647982;6.448388;68;9.101999
51.647938;6.448426;68;10.6189995
51.647874;6.448464;70;7.585
51.647821;6.448495;72;6.068
51.647757;6.44853;74;6.068
51.647721;6.448548;74;4.5509996
51.64768;6.448583;72;4.5509996
51.647629;6.448605;71;4.5509996
51.64758;6.448611;72;4.5509996
51.647523;6.448587;72;4.5509996
51.647473;6.448557;72;4.5509996
51.647422;6.448509;72;4.5509996
51.647381;6.448487;74;4.5509996
51.647331;6.448461;73;4.5509996
51.647286;6.448429;75;4.5509996
51.647235;6.448385;75;4.5509996
51.647191;6.448335;77;4.5509996
51.647143;6.448315;78;4.5509996
51.647088;6.448308;75;4.5509996
51.647059;6.448295;76;4.5509996
51.647016;6.448265;76;4.5509996
51.647009;6.448245;77;4.5509996
51.647008;6.448243;77;4.5509996
51.646981;6.448235;78;4.5509996
51.646933;6.448209;77;6.068
51.646885;6.448176;77;6.068
51.646846;6.448135;76;7.585
51.646818;6.448105;76;7.585
51.646768;6.448061;78;6.068
51.646725;6.448019;77;7.585
51.646666;6.44799;75;7.585
51.646615;6.447962;77;6.068
51.64656;6.44794;80;6.068
51.646517;6.447913;78;6.068
51.646515;6.447914;77;6.068
51.64651;6.447912;78;4.5509996
51.646532;6.447915;77;4.5509996
51.646548;6.447913;78;4.5509996
51.646553;6.447908;78;4.5509996
51.646552;6.447902;77;4.5509996
51.646549;6.447901;78;4.5509996
51.646548;6.447904;78;4.5509996
51.646548;6.447905;78;4.5509996
51.646539;6.447895;76;4.5509996
51.646523;6.447898;76;4.5509996
51.646499;6.447906;76;4.5509996
51.646485;6.447898;76;4.5509996
51.646484;6.447882;76;4.5509996
51.646481;6.447875;76;4.5509996
51.646471;6.447872;77;4.5509996
51.646452;6.447858;77;4.5509996
51.646422;6.447848;77;4.5509996
51.646385;6.447843;77;4.5509996
51.64634;6.44784;78;6.068
51.646294;6.447811;80;6.068
51.646262;6.447792;78;6.068
51.646239;6.447777;78;6.068
51.646208;6.447764;78;6.068
51.646172;6.447754;80;6.068
51.646137;6.447743;78;7.585
51.646103;6.447721;77;6.068
51.646061;6.447708;77;6.068
51.64603;6.447705;78;6.068
51.645991;6.447703;79;6.068
51.645976;6.447699;77;7.585
51.645948;6.447696;75;7.585
51.645935;6.447701;76;7.585
51.645921;6.447704;77;6.068
51.645909;6.447702;78;6.068
51.645906;6.4477;78;6.068
51.645887;6.447701;78;4.5509996
51.645845;6.447694;80;4.5509996
51.645812;6.447701;81;6.068
51.645795;6.447696;77;7.585
51.645773;6.447698;77;6.068
51.645738;6.447675;76;6.068
51.645714;6.447638;76;6.068
51.645675;6.447593;79;4.5509996
51.645624;6.447569;80;4.5509996
51.645589;6.447557;82;6.068
51.645541;6.447524;82;6.068
51.645504;6.447482;80;6.068
51.64547;6.44746;79;6.068
51.645426;6.447426;79;6.068
51.645389;6.447409;79;7.585
51.645356;6.447387;78;7.585
51.645323;6.447374;78;7.585
51.645299;6.447369;78;9.101999
51.645252;6.447363;78;7.585
51.645208;6.44736;79;9.101999
51.645169;6.447369;81;10.6189995
51.645129;6.447362;82;10.6189995
51.645077;6.447367;82;10.6189995
51.645026;6.447353;81;9.101999
51.644979;6.447333;80;12.136
51.644928;6.447317;82;10.6189995
51.644887;6.447319;84;10.6189995
51.644837;6.447319;86;10.6189995
51.644796;6.44731;87;10.6189995
51.644756;6.447322;89;10.6189995
51.644719;6.447305;87;10.6189995
51.644703;6.447302;89;12.136
51.644668;6.447307;93;10.6189995
51.644623;6.447339;95;9.101999
51.644583;6.447372;96;9.101999
51.64456;6.447383;96;7.585
51.644553;6.447386;97;7.585
51.64455;6.44739;100;9.101999
51.644545;6.447389;101;9.101999
51.644545;6.447393;102;9.101999
51.644544;6.447395;102;9.101999
51.644544;6.447395;102;9.101999
51.644544;6.447396;102;7.585
51.644543;6.447399;102;7.585
51.644543;6.4474;102;7.585
51.644542;6.447402;102;7.585
51.644543;6.447404;101;7.585
51.644553;6.4474;100;7.585
51.644558;6.447379;97;6.068
51.644561;6.447354;96;6.068
51.644568;6.447337;94;6.068
51.644557;6.447315;91;6.068
51.644541;6.447294;91;7.585
51.644514;6.447268;91;9.101999
51.644493;6.447235;90;9.101999
51.64446;6.447203;88;10.6189995
51.64443;6.447165;83;12.136
51.644406;6.44712;81;13.653
51.64436;6.447067;81;13.653
51.644326;6.447025;84;15.17
51.644284;6.447001;84;15.17
51.64424;6.446965;86;15.17
51.64419;6.446919;84;16.687
51.644163;6.446909;82;15.17
51.644139;6.446887;80;16.687
51.644105;6.44684;79;16.687
51.644065;6.446823;81;15.17
51.644024;6.446796;81;15.17
51.643983;6.446718;81;15.17
51.64394;6.446686;85;13.653
51.643906;6.446675;84;13.653
51.643842;6.446685;85;12.136
51.643782;6.446723;86;12.136
51.643714;6.446748;88;12.136
51.643647;6.446782;90;10.6189995
51.643564;6.446822;94;9.101999
51.643496;6.446843;96;9.101999
51.643429;6.446855;100;12.136
51.643383;6.446861;101;13.653
51.643312;6.44685;102;13.653
51.643238;6.44684;102;13.653
51.643171;6.44681;103;13.653
51.64311;6.446783;108;13.653
51.64305;6.446767;106;12.136
51.643008;6.44674;106;13.653
51.642945;6.446694;104;13.653
51.642887;6.446627;101;10.6189995
51.642832;6.446581;97;10.6189995
51.642785;6.44654;95;12.136
51.642707;6.446488;94;10.6189995
51.642629;6.446429;95;10.6189995
51.642594;6.446403;95;10.6189995
51.642558;6.446364;97;9.101999
51.642531;6.446359;97;12.136
51.642501;6.446302;96;12.136
51.642468;6.446209;91;10.6189995
51.642434;6.446103;91;12.136
51.642386;6.445967;92;12.136
51.642329;6.445849;92;12.136
51.642299;6.445763;93;10.6189995
51.64231;6.445694;92;12.136
51.642297;6.445603;80;12.136
51.642274;6.445484;86;13.653
51.642236;6.445354;89;12.136
51.642206;6.445253;92;13.653
51.64216;6.445092;93;12.136
51.642115;6.444969;93;10.6189995
51.642079;6.444888;95;9.101999
51.642023;6.444761;99;7.585
51.641991;6.444689;100;6.068
51.641954;6.4446;99;6.068
51.641921;6.444514;97;6.068
51.641895;6.444455;98;6.068
51.641855;6.444387;99;6.068
51.641827;6.444315;99;7.585
51.64181;6.444263;100;7.585
51.641796;6.444195;101;9.101999
51.641758;6.444105;104;7.585
51.64173;6.444029;105;10.6189995
51.641697;6.443969;104;9.101999
51.641643;6.443903;105;10.6189995
51.64161;6.443849;107;9.101999
51.641574;6.443782;111;10.6189995
51.641532;6.443705;113;10.6189995
51.64149;6.44363;112;7.585
51.641458;6.443555;112;9.101999
51.641431;6.443492;112;9.101999
51.641403;6.443474;112;9.101999
51.641366;6.443437;109;9.101999
51.641332;6.44333;109;9.101999
51.641281;6.443228;107;9.101999
51.641236;6.443139;103;9.101999
51.641185;6.443052;102;9.101999
51.641131;6.442943;102;7.585
51.641074;6.442851;102;10.6189995
51.641043;6.442801;101;7.585
51.641;6.442706;102;10.6189995
51.640975;6.442624;104;10.6189995
51.640938;6.442537;105;9.101999
51.64092;6.442485;104;9.101999
51.640886;6.442435;104;13.653
51.64083;6.442338;107;12.136
51.640784;6.442248;103;10.6189995
51.640723;6.442142;104;10.6189995
51.640682;6.44206;97;10.6189995
51.64066;6.442003;97;12.136
51.640615;6.441914;97;12.136
51.640567;6.441849;97;12.136
51.640522;6.441797;100;12.136
51.640484;6.441732;102;13.653
51.64044;6.441681;103;13.653
51.640379;6.441602;103;12.136
51.640333;6.441552;105;13.653
51.640303;6.44153;107;12.136
51.640271;6.441472;107;12.136
51.640216;6.441387;108;10.6189995
51.640168;6.441272;108;9.101999
51.640109;6.441169;108;9.101999
51.640056;6.441095;109;10.6189995
51.63998;6.441007;109;10.6189995
51.639907;6.440892;109;10.6189995
51.639845;6.440821;106;9.101999
51.639792;6.440732;108;7.585
51.639759;6.440672;108;7.585
51.63975;6.440643;104;9.101999
51.639705;6.440576;104;9.101999
51.639668;6.44052;105;9.101999
51.639596;6.440424;103;12.136
51.639522;6.440325;103;13.653
51.639463;6.440267;103;13.653
51.639426;6.440226;101;12.136
51.639355;6.440171;101;10.6189995
51.639313;6.44014;101;12.136
51.639264;6.440115;102;16.687
51.639227;6.440108;101;16.687
51.639179;6.440112;102;16.687
51.639104;6.4401;103;15.17
51.639048;6.44012;105;13.653
51.638995;6.44012;106;15.17
51.638968;6.440136;107;13.653
51.638935;6.440181;107;12.136
51.638921;6.440212;108;10.6189995
51.638929;6.440281;106;7.585
51.638915;6.440336;104;9.101999
51.638905;6.440398;103;10.6189995
51.638899;6.440474;99;12.136
51.638901;6.440573;97;12.136
51.638923;6.440684;96;15.17
51.638927;6.440801;97;16.687
51.638912;6.440951;100;15.17
51.638937;6.441072;101;16.687
51.638956;6.441178;101;19.720999
51.638989;6.441275;104;16.687
51.639018;6.441374;107;15.17
51.639043;6.441443;103;15.17
51.639067;6.441487;103;15.17
51.63909;6.441582;103;13.653
51.639082;6.441617;104;15.17
51.639035;6.441629;105;10.6189995
51.639007;6.441639;106;12.136
51.638974;6.441615;100;10.6189995
51.638933;6.441573;101;9.101999
51.638917;6.441578;101;9.101999
51.638877;6.441569;100;9.101999
51.638843;6.441511;101;10.6189995
51.638785;6.44144;101;12.136
51.63873;6.441387;100;12.136
51.638649;6.441294;103;10.6189995
51.638619;6.441264;103;10.6189995
51.63857;6.441241;100;13.653
51.63855;6.441233;102;15.17
51.638494;6.441205;98;13.653
51.638418;6.441155;99;12.136
51.638363;6.441124;99;12.136
51.638277;6.441121;97;13.653
51.638201;6.441125;96;13.653
51.63815;6.441128;92;12.136
51.638123;6.4411;91;10.6189995
51.638071;6.441035;91;12.136
51.638025;6.440969;91;13.653
51.637965;6.440946;90;12.136
51.637931;6.440952;89;10.6189995
51.637886;6.44095;90;12.136
51.637837;6.440961;91;12.136
51.637756;6.440963;91;9.101999
51.637719;6.440958;90;10.6189995
51.637685;6.44098;91;12.136
51.637631;6.441017;89;12.136
51.637573;6.44101;87;15.17
51.637482;6.441004;86;13.653
51.637409;6.441012;86;13.653
51.637313;6.441023;87;12.136
51.637275;6.441022;83;10.6189995
51.637235;6.440997;84;10.6189995
51.637174;6.441042;84;9.101999
51.637091;6.441117;84;12.136
51.636999;6.441185;87;10.6189995
51.636915;6.441234;89;10.6189995
51.636857;6.44127;89;12.136
51.6368;6.441316;90;12.136
51.63672;6.441389;90;18.203999
51.636663;6.441461;91;13.653
51.636623;6.441494;92;15.17
51.636579;6.441498;93;16.687
51.636535;6.441552;92;13.653
51.636512;6.441609;96;15.17
51.6365;6.441625;97;15.17
51.63648;6.441644;98;13.653
51.636458;6.441663;100;13.653
51.63642;6.441699;99;13.653
51.63636;6.44177;102;12.136
51.63631;6.441855;101;12.136
51.636289;6.441888;101;10.6189995
51.636248;6.441982;101;9.101999
51.636206;6.442094;100;9.101999
51.636176;6.442153;99;7.585
51.636135;6.442233;99;9.101999
51.636089;6.44228;100;10.6189995
51.636033;6.442328;101;13.653
51.635983;6.442371;101;15.17
51.635914;6.442407;98;15.17
51.635879;6.442423;98;16.687
51.63581;6.442495;99;13.653
51.635735;6.442548;102;12.136
51.635665;6.442599;103;12.136
51.635603;6.442645;104;9.101999
51.635567;6.442652;104;7.585
51.63553;6.442669;106;9.101999
51.635499;6.44265;105;10.6189995
51.635442;6.442614;99;12.136
51.63538;6.442588;99;13.653
51.63531;6.442559;99;10.6189995
51.635213;6.442555;98;10.6189995
51.635128;6.442532;99;9.101999
51.635071;6.442513;98;9.101999
51.634991;6.442531;97;9.101999
51.634953;6.442551;98;9.101999
51.634899;6.442575;100;9.101999
51.634827;6.442651;100;9.101999
51.634775;6.44273;100;10.6189995
51.634737;6.442825;101;9.101999
51.634708;6.442931;102;7.585
51.634694;6.443038;101;7.585
51.634711;6.443136;101;10.6189995
51.634737;6.44323;99;10.6189995
51.63475;6.443311;99;10.6189995
51.634747;6.443404;98;12.136
51.634746;6.443456;100;13.653
51.634754;6.443552;97;12.136
51.634778;6.443608;98;13.653
51.634796;6.443663;99;16.687
51.634793;6.443713;97;18.203999
51.634791;6.443844;95;13.653
51.634789;6.443967;97;12.136
51.634787;6.444068;97;13.653
51.634774;6.444199;105;10.6189995
51.634765;6.444269;103;12.136
51.634745;6.444393;100;13.653
51.634738;6.444463;100;15.17
51.634752;6.44457;96;13.653
51.634753;6.44465;97;16.687
51.634738;6.444721;96;18.203999
51.634735;6.444803;95;18.203999
51.634722;6.444906;93;19.720999
51.634708;6.445013;92;21.237999
51.634676;6.445075;93;21.237999
51.634652;6.445208;93;18.203999
51.634612;6.445354;95;19.720999
51.634575;6.445475;96;16.687
51.634532;6.44558;97;13.653
51.634465;6.445695;94;15.17
51.634421;6.445767;92;13.653
51.634349;6.445894;95;10.6189995
51.634295;6.445973;98;9.101999
51.634241;6.446044;100;9.101999
51.634181;6.446107;100;7.585
51.63414;6.446165;98;7.585
51.634127;6.446183;96;7.585
51.634124;6.446197;94;7.585
51.634125;6.446204;93;7.585
51.634123;6.446207;93;7.585
51.634121;6.446202;94;6.068
51.63411;6.446219;91;7.585
51.634091;6.44623;90;6.068
51.634041;6.446282;92;7.585
51.634005;6.446344;91;9.101999
51.633967;6.446404;90;9.101999
51.633947;6.446452;89;7.585
51.633928;6.446532;86;9.101999
51.6339;6.446582;84;10.6189995
51.633866;6.446632;81;12.136
51.633835;6.4467;82;10.6189995
51.633805;6.446773;80;12.136
51.633775;6.446877;78;12.136
51.633758;6.446936;76;12.136
51.633744;6.446996;72;13.653
51.633747;6.447067;70;15.17
51.633748;6.447173;68;18.203999
51.633732;6.447296;67;19.720999
51.63371;6.447431;67;21.237999
51.633708;6.447472;67;21.237999
51.633698;6.447568;67;22.755
51.633679;6.447705;73;22.755
51.633682;6.447826;73;19.720999
51.633693;6.447922;72;19.720999
51.63371;6.447986;70;19.720999
51.633717;6.448048;72;18.203999
51.633712;6.448113;73;18.203999
51.6337;6.448155;74;16.687
51.633689;6.448189;78;16.687
51.633668;6.448249;79;15.17
51.633654;6.448263;81;13.653
51.63363;6.448267;84;13.653
51.633621;6.44827;85;13.653
51.6336;6.448261;88;10.6189995
51.633586;6.448277;93;9.101999
51.633579;6.44828;94;7.585
51.633577;6.448275;96;6.068
51.633574;6.448279;97;6.068
51.633574;6.448278;99;6.068
51.633602;6.448301;94;7.585
51.633618;6.448294;80;7.585
51.633619;6.448304;84;9.101999
51.63362;6.448301;88;9.101999
51.633621;6.4483;90;9.101999
51.633621;6.4483;91;9.101999
51.633621;6.4483;91;10.6189995
51.633629;6.448316;93;10.6189995
51.633628;6.448362;94;9.101999
51.633625;6.448374;93;10.6189995
51.633615;6.448385;87;12.136
51.633592;6.448373;88;13.653
51.633572;6.448406;83;13.653
51.633554;6.448447;81;15.17
51.63353;6.448481;78;16.687
51.633502;6.448514;69;15.17
51.633475;6.448554;74;12.136
51.63344;6.448608;79;10.6189995
51.633408;6.448637;81;10.6189995
51.633377;6.448659;78;12.136
51.633358;6.448691;77;10.6189995
51.633348;6.448745;76;12.136
51.633324;6.448795;73;12.136
51.633293;6.448816;74;13.653
51.633261;6.448844;74;12.136
51.633219;6.448873;77;12.136
51.633187;6.448909;80;10.6189995
51.633147;6.44896;81;12.136
51.633114;6.448991;82;10.6189995
51.633076;6.449039;83;12.136
51.633052;6.449066;82;10.6189995
51.633028;6.449107;83;10.6189995
51.632992;6.44913;86;10.6189995
51.632955;6.449132;87;10.6189995
51.632935;6.449127;89;9.101999
51.632922;6.449114;90;9.101999
51.632901;6.449096;92;9.101999
51.632874;6.449085;96;10.6189995
51.632848;6.44907;98;10.6189995
51.632831;6.449041;98;10.6189995
51.632816;6.449001;97;10.6189995
51.632798;6.448981;98;10.6189995
51.632769;6.448981;94;12.136
51.632737;6.448973;93;12.136
51.632705;6.448948;89;12.136
51.632696;6.448924;84;13.653
51.632669;6.448907;84;15.17
51.632629;6.448886;82;15.17
51.632604;6.448856;83;15.17
51.632577;6.448847;85;13.653
51.632563;6.448834;87;12.136
51.632536;6.4488;88;12.136
51.632516;6.448783;89;13.653
51.632479;6.448768;90;13.653
51.632469;6.448758;86;13.653
51.632456;6.448756;88;15.17
51.632434;6.448752;86;15.17
51.632411;6.448735;83;15.17
51.632376;6.448686;84;16.687
51.632359;6.448643;84;16.687
51.632348;6.448619;85;16.687
51.632343;6.448591;86;19.720999
51.6323;6.448535;90;18.203999
51.632264;6.448496;91;16.687
51.632224;6.44848;91;15.17
51.632182;6.448458;90;15.17
51.632142;6.448409;92;15.17
51.632128;6.448344;89;16.687
51.632123;6.44829;91;13.653
51.632107;6.44822;90;10.6189995
51.632111;6.44816;90;9.101999
51.632094;6.448106;87;9.101999
51.632068;6.448084;83;10.6189995
51.632038;6.448076;82;9.101999
51.632;6.448076;84;7.585
51.631983;6.44808;84;7.585
51.631961;6.448085;85;7.585
51.631934;6.448107;83;7.585
51.631901;6.448145;84;7.585
51.631878;6.448169;84;9.101999
51.631858;6.448187;82;7.585
51.631845;6.448197;80;9.101999
51.631826;6.44824;78;12.136
51.631799;6.448309;71;10.6189995
51.631774;6.448355;68;10.6189995
51.631751;6.448396;67;10.6189995
51.631731;6.448407;67;12.136
51.631712;6.448406;64;12.136
51.631691;6.448436;61;13.653
51.631671;6.448455;60;16.687
51.631633;6.448459;63;13.653
51.631581;6.448482;66;13.653
51.631535;6.448512;67;12.136
51.631492;6.448531;71;10.6189995
51.631453;6.44856;72;10.6189995
51.631431;6.448582;74;10.6189995
51.631402;6.448604;75;10.6189995
51.63139;6.448633;78;9.101999
51.631393;6.448659;75;9.101999
51.631399;6.448705;74;7.585
51.631374;6.448783;75;7.585
51.631342;6.448854;78;7.585
51.631331;6.448894;78;7.585
51.631319;6.448932;77;7.585
51.631313;6.448968;76;9.101999
51.631294;6.449036;77;9.101999
51.631273;6.449074;77;10.6189995
51.631257;6.449118;75;10.6189995
51.631229;6.44918;75;10.6189995
51.631197;6.449238;75;10.6189995
51.631177;6.449278;73;10.6189995
51.631165;6.449306;71;13.653
51.631128;6.449389;75;12.136
51.631101;6.449401;76;10.6189995
51.631079;6.449414;77;9.101999
51.631078;6.449445;75;9.101999
51.631049;6.449486;75;9.101999
51.631027;6.449521;74;9.101999
51.631001;6.449562;72;10.6189995
51.63099;6.449606;72;9.101999
51.630988;6.449638;72;9.101999
51.630983;6.449665;71;10.6189995
51.630955;6.449745;74;10.6189995
51.630938;6.449802;73;10.6189995
51.630911;6.449892;74;10.6189995
51.630894;6.449951;75;9.101999
51.630876;6.450014;76;7.585
51.630857;6.450072;76;9.101999
51.630846;6.450113;78;9.101999
51.63084;6.450154;77;9.101999
51.630844;6.450137;75;9.101999
51.630852;6.450111;75;9.101999
51.630865;6.450061;71;10.6189995
51.630903;6.450023;65;10.6189995
51.63094;6.450005;64;10.6189995
51.630976;6.449991;67;10.6189995
51.631004;6.449957;68;10.6189995
51.631034;6.449915;66;9.101999
51.63108;6.449888;65;9.101999
51.631115;6.449885;65;9.101999
51.631149;6.449882;60;9.101999
51.63119;6.44987;61;10.6189995
51.631222;6.449858;60;10.6189995
51.631249;6.449838;60;10.6189995
51.631273;6.449805;62;10.6189995
51.631323;6.449749;68;10.6189995
51.631355;6.449702;71;10.6189995
51.63137;6.449663;69;12.136
51.631377;6.449633;68;12.136
51.631387;6.449586;75;10.6189995
51.631408;6.449536;77;9.101999
51.631435;6.44949;78;9.101999
51.63147;6.44947;77;9.101999
51.631493;6.449425;78;9.101999
51.631515;6.449402;78;12.136
51.631529;6.449385;77;12.136
51.631547;6.449359;76;12.136
51.63158;6.449335;73;13.653
51.631614;6.449313;73;15.17
51.631663;6.449283;72;13.653
51.631683;6.44924;72;12.136
51.631691;6.449232;71;15.17
51.631712;6.449203;72;13.653
51.631737;6.449187;72;12.136
51.631773;6.449181;72;15.17
51.631822;6.449135;76;13.653
51.63186;6.449098;81;12.136
51.631907;6.449068;83;13.653
51.631949;6.449053;85;10.6189995
51.631961;6.449035;82;10.6189995
51.631982;6.449036;81;10.6189995
51.632003;6.449022;84;12.136
51.632025;6.449034;86;10.6189995
51.632063;6.449038;84;9.101999
51.632101;6.449055;83;10.6189995
51.632134;6.449067;84;10.6189995
51.632171;6.449064;85;10.6189995
51.632221;6.449052;85;10.6189995
51.632236;6.449064;83;12.136
51.632243;6.449066;87;13.653
51.63225;6.449061;90;13.653
51.632262;6.449069;91;13.653
51.632272;6.449074;91;13.653
51.632275;6.449075;91;12.136
51.632278;6.449076;91;10.6189995
51.63228;6.449076;91;9.101999
51.63228;6.449077;91;9.101999
51.632277;6.449056;89;9.101999
51.632272;6.449017;85;10.6189995
51.632304;6.448993;86;10.6189995
51.632331;6.448969;87;9.101999
51.632343;6.448969;87;9.101999
51.632361;6.448971;88;9.101999
51.632406;6.448952;91;7.585
51.632432;6.448947;91;7.585
51.632453;6.448951;90;7.585
51.632466;6.448955;91;9.101999
51.632476;6.448944;92;10.6189995
51.632495;6.44896;87;10.6189995
51.632514;6.448973;90;10.6189995
51.632528;6.44899;88;10.6189995
51.632561;6.448996;83;12.136
51.632603;6.44898;82;12.136
51.632615;6.448986;84;13.653
51.632627;6.448985;82;13.653
51.632664;6.448983;79;15.17
51.632694;6.448969;77;15.17
51.632753;6.448935;75;13.653
51.632788;6.448918;76;12.136
51.632806;6.448905;78;10.6189995
51.632821;6.4489;79;10.6189995
51.632835;6.448901;79;9.101999
51.632839;6.448902;79;7.585
51.63285;6.448901;84;7.585
51.632868;6.448903;82;9.101999
51.632883;6.448932;83;10.6189995
51.632897;6.448941;85;15.17
51.632958;6.448964;79;10.6189995
51.632979;6.448989;78;12.136
51.632994;6.44904;78;10.6189995
51.633047;6.449069;78;10.6189995
51.633061;6.449077;78;10.6189995
51.633064;6.449085;79;12.136
51.633088;6.449094;78;12.136
51.63313;6.449082;83;12.136
51.633151;6.449113;85;12.136
51.633154;6.449149;84;13.653
51.633181;6.449191;85;12.136
51.6332;6.449237;84;12.136
51.633261;6.449273;84;12.136
51.633282;6.449333;86;15.17
51.6333;6.449341;89;12.136
51.633315;6.449382;89;12.136
51.633346;6.449418;88;12.136
51.63337;6.449412;90;12.136
51.633403;6.449442;87;13.653
51.633439;6.449481;86;10.6189995
51.633463;6.449508;88;9.101999
51.633474;6.449515;88;7.585
51.633492;6.449528;90;6.068
51.633503;6.449534;90;6.068
51.633506;6.449536;89;9.101999
51.633511;6.449541;89;10.6189995
51.633513;6.449544;90;9.101999
51.633523;6.449557;93;12.136
51.633514;6.449581;97;10.6189995
51.633509;6.4496;97;9.101999
51.633502;6.449598;97;10.6189995
51.633508;6.449569;96;10.6189995
51.633516;6.449549;97;10.6189995
51.633521;6.44954;97;10.6189995
51.633523;6.449538;97;10.6189995
51.633524;6.449538;97;10.6189995
51.633523;6.449541;97;10.6189995
51.63354;6.449545;98;9.101999
51.633583;6.449547;96;7.585
51.633607;6.449559;97;6.068
51.633629;6.449577;99;6.068
51.633633;6.449594;100;6.068
51.633641;6.449642;102;6.068
51.633669;6.44967;100;7.585
51.633696;6.449696;100;7.585
51.63372;6.449707;99;7.585
51.633742;6.449721;99;7.585
51.63376;6.449742;103;6.068
51.633765;6.449748;103;7.585
51.633792;6.449761;99;6.068
51.63382;6.449781;98;6.068
51.633849;6.449789;93;7.585
51.633884;6.449807;93;7.585
51.6339;6.44981;90;9.101999
51.633907;6.449827;85;10.6189995
51.63394;6.449824;85;13.653
51.633949;6.449794;84;13.653
51.633975;6.449781;85;12.136
51.634002;6.449779;86;12.136
51.634018;6.449753;86;12.136
51.634027;6.449722;86;12.136
51.634038;6.449697;87;10.6189995
51.634044;6.449663;88;10.6189995
51.634027;6.449636;89;9.101999
51.634025;6.449584;89;9.101999
51.634033;6.449526;93;9.101999
51.634034;6.449476;95;7.585
51.634024;6.449428;95;7.585
51.634019;6.449408;95;9.101999
51.634014;6.449399;96;9.101999
51.634015;6.449361;92;10.6189995
51.634003;6.44932;93;10.6189995
51.633986;6.44927;94;10.6189995
51.633982;6.449188;94;18.203999
51.633965;6.449107;97;12.136
51.633922;6.449047;101;10.6189995
51.633879;6.449001;102;7.585
51.633852;6.448945;102;7.585
51.633835;6.448874;99;9.101999
51.63382;6.448812;95;10.6189995
51.633821;6.448781;93;12.136
51.633814;6.448758;91;12.136
51.633782;6.448709;91;10.6189995
51.633757;6.448661;91;9.101999
51.633728;6.448634;92;9.101999
51.633729;6.448583;93;10.6189995
51.633701;6.448538;93;10.6189995
51.633693;6.448519;92;10.6189995
51.633677;6.448494;93;12.136
51.63366;6.44847;93;12.136
51.633652;6.448446;94;13.653
51.633637;6.448441;93;13.653
51.633616;6.448464;96;13.653
51.633597;6.448474;98;12.136
51.633583;6.448481;99;12.136
51.633575;6.448477;99;10.6189995
51.633572;6.448455;98;10.6189995
51.633574;6.448432;95;9.101999
51.633572;6.448408;95;9.101999
51.633562;6.448395;95;9.101999
51.633522;6.448408;93;10.6189995
51.633501;6.448358;93;15.17
51.633454;6.448259;93;12.136
51.633393;6.448189;94;12.136
51.633342;6.448129;94;10.6189995
51.633314;6.448076;96;10.6189995
51.633272;6.448005;98;13.653
51.633208;6.447926;100;13.653
51.633131;6.447859;102;13.653
51.633051;6.447767;103;12.136
51.632983;6.447689;103;13.653
51.632924;6.447629;103;12.136
51.632866;6.447575;99;10.6189995
51.632821;6.447523;95;10.6189995
51.632781;6.447428;96;10.6189995
51.632744;6.447317;94;10.6189995
51.632754;6.447224;94;12.136
51.632779;6.447139;97;12.136
51.632781;6.447031;96;12.136
51.632782;6.44695;93;12.136
51.632796;6.446861;90;13.653
51.632808;6.446741;87;12.136
51.632822;6.4466;85;12.136
51.632846;6.446502;88;13.653
51.632884;6.446407;90;13.653
51.632914;6.446291;92;13.653
51.632931;6.446187;90;12.136
51.632959;6.446074;90;10.6189995
51.633009;6.445997;92;10.6189995
51.633048;6.445937;91;10.6189995
51.633089;6.445881;92;10.6189995
51.633115;6.44581;91;12.136
51.633142;6.445747;88;10.6189995
51.633165;6.445667;88;12.136
51.633185;6.445591;88;12.136
51.6332;6.44549;88;10.6189995
51.633211;6.445386;88;12.136
51.633244;6.445309;90;13.653
51.633296;6.445234;92;12.136
51.63334;6.445171;92;12.136
51.633368;6.44509;94;15.17
51.633429;6.445028;94;12.136
51.633487;6.444999;93;12.136
51.633523;6.444975;93;12.136
51.633559;6.444952;93;10.6189995
51.633575;6.444887;91;10.6189995
51.633624;6.444831;92;10.6189995
51.633668;6.444808;93;10.6189995
51.633711;6.444793;91;9.101999
51.633733;6.444764;88;9.101999
51.633757;6.444737;82;9.101999
51.633779;6.444704;82;12.136
51.633797;6.444626;82;13.653
51.633838;6.444546;83;15.17
51.633887;6.444447;84;15.17
51.633907;6.444398;87;15.17
51.633938;6.44433;85;13.653
51.633962;6.444279;87;12.136
51.634005;6.444198;88;12.136
51.634048;6.444129;90;12.136
51.634079;6.444047;91;13.653
51.634092;6.444005;89;13.653
51.634076;6.444022;85;9.101999
51.634069;6.444014;86;9.101999
51.634065;6.444004;86;10.6189995
51.634066;6.443984;88;10.6189995
51.634067;6.44397;89;9.101999
51.634086;6.44394;89;12.136
51.634101;6.443884;89;13.653
51.634108;6.443836;88;12.136
51.634119;6.443752;88;13.653
51.634132;6.443703;89;18.203999
51.634171;6.443627;89;15.17
51.634201;6.443568;89;16.687
51.634228;6.443475;87;16.687
51.634229;6.443326;86;15.17
51.63423;6.443173;85;13.653
51.634234;6.443074;86;13.653
51.634226;6.442949;90;12.136
51.634241;6.442897;89;13.653
51.634272;6.442867;89;15.17
51.63431;6.442806;88;15.17
51.634315;6.442728;83;15.17
51.634322;6.442657;82;16.687
51.634322;6.442562;81;15.17
51.634354;6.442452;83;12.136
51.634373;6.442357;82;13.653
51.634417;6.442278;81;13.653
51.634435;6.44215;84;13.653
51.634459;6.44205;84;12.136
51.634493;6.441967;81;10.6189995
51.634517;6.441872;82;10.6189995
51.634542;6.441786;80;9.101999
51.634563;6.441688;82;9.101999
51.634558;6.441648;85;7.585
51.634551;6.441625;87;7.585
51.634547;6.441617;86;7.585
51.634543;6.441604;86;7.585
51.634552;6.441574;84;7.585
51.634584;6.441513;80;7.585
51.63461;6.441444;81;9.101999
51.634619;6.441354;80;9.101999
51.634638;6.44128;80;9.101999
51.634662;6.441216;78;12.136
51.634695;6.441131;79;12.136
51.634731;6.441058;81;10.6189995
51.634762;6.440982;80;9.101999
51.634779;6.440911;80;9.101999
51.634815;6.440853;81;9.101999
51.634855;6.440789;82;10.6189995
51.634882;6.440723;84;10.6189995
51.634909;6.44064;86;9.101999
51.63494;6.440581;79;9.101999
51.634974;6.440518;76;10.6189995
51.635006;6.440456;79;12.136
51.635054;6.440362;80;13.653
51.63509;6.44028;81;10.6189995
51.635113;6.440234;81;10.6189995
51.63513;6.44014;83;12.136
51.635157;6.440077;80;9.101999
51.635184;6.440035;80;10.6189995
51.635179;6.439986;80;9.101999
51.635179;6.439953;80;10.6189995
51.635181;6.439937;79;10.6189995
51.635181;6.439926;79;13.653
51.635181;6.439919;80;16.687
51.635184;6.439857;86;13.653
51.63519;6.439756;89;10.6189995
51.635203;6.439713;91;10.6189995
51.635224;6.439636;94;9.101999
51.63523;6.439616;96;7.585
51.63521;6.43961;95;6.068
51.635193;6.439607;96;6.068
51.635194;6.439598;94;4.5509996
51.635189;6.439612;92;6.068
51.635206;6.439611;92;7.585
51.635227;6.439578;78;7.585
51.635261;6.439506;85;7.585
51.63529;6.439447;86;7.585
51.635338;6.439408;88;9.101999
51.635377;6.439337;87;10.6189995
51.635431;6.439289;90;9.101999
51.635461;6.439265;87;10.6189995
51.635498;6.439192;86;12.136
51.635527;6.439112;86;12.136
51.635536;6.439045;85;12.136
51.635522;6.439026;86;10.6189995
51.635503;6.439018;87;9.101999
51.63549;6.439014;89;7.585
51.635505;6.438991;89;9.101999
51.635546;6.438953;82;10.6189995
51.635562;6.438901;81;13.653
51.635609;6.438876;85;16.687
51.635658;6.438828;83;15.17
51.635711;6.438779;81;19.720999
51.635766;6.438735;79;18.203999
51.63581;6.438644;79;19.720999
51.635862;6.438565;79;19.720999
51.635896;6.438509;76;19.720999
51.635947;6.438475;73;18.203999
51.63601;6.438412;76;18.203999
51.636059;6.438373;77;19.720999
51.636096;6.438339;75;21.237999
51.636179;6.438271;75;19.720999
51.636255;6.438212;75;19.720999
51.636317;6.438142;77;21.237999
51.636383;6.43805;78;18.203999
51.636446;6.437961;78;18.203999
51.636494;6.437891;76;16.687
51.63655;6.437822;75;19.720999
51.636603;6.437723;77;18.203999
51.636662;6.437634;80;18.203999
51.636698;6.437566;77;18.203999
51.636754;6.437521;77;19.720999
51.636789;6.437431;76;16.687
51.636812;6.437322;77;18.203999
51.636852;6.437254;76;18.203999
51.636884;6.437167;77;13.653
51.636907;6.437066;76;13.653
51.63693;6.436997;77;13.653
51.636952;6.436909;75;15.17
51.636986;6.436849;75;13.653
51.637039;6.436782;75;12.136
51.637087;6.436735;77;12.136
51.637124;6.436675;76;12.136
51.637173;6.436598;77;12.136
51.637227;6.436521;79;15.17
51.637253;6.436433;79;13.653
51.6373;6.43636;83;13.653
51.637315;6.436262;81;13.653
51.637312;6.436148;78;15.17
51.637319;6.436041;79;15.17
51.637321;6.43594;79;15.17
51.637345;6.435882;81;13.653
51.637379;6.435811;81;12.136
51.63742;6.435752;76;12.136
51.637454;6.435697;74;13.653
51.637486;6.435649;74;13.653
51.63751;6.435546;73;13.653
51.637546;6.435473;74;13.653
51.637574;6.435422;75;16.687
51.637593;6.435302;81;15.17
51.637595;6.435197;72;15.17
51.637622;6.435059;76;19.720999
51.637675;6.434947;82;13.653
51.637718;6.434893;84;13.653
51.637753;6.434794;88;12.136
51.637785;6.434687;89;12.136
51.637812;6.434615;90;12.136
51.637851;6.434554;90;10.6189995
51.6379;6.434515;90;10.6189995
51.63794;6.434464;89;12.136
51.637971;6.434411;89;13.653
51.638013;6.434372;91;12.136
51.638023;6.434339;90;12.136
51.638035;6.434265;88;12.136
51.638109;6.434221;88;10.6189995
51.638168;6.434196;88;12.136
51.638222;6.434173;91;18.203999
51.638279;6.434164;90;15.17
51.638351;6.434147;89;16.687
51.63843;6.43409;91;18.203999
51.638491;6.434056;93;16.687
51.638511;6.434026;93;18.203999
51.638541;6.43395;91;19.720999
51.638583;6.433904;96;16.687
51.638659;6.433823;97;16.687
51.638707;6.433731;97;13.653
51.638749;6.433632;97;13.653
51.638791;6.433566;99;10.6189995
51.638822;6.433464;102;13.653
51.638849;6.433408;99;12.136
51.638876;6.433328;98;10.6189995
51.638907;6.433287;99;10.6189995
51.638944;6.433269;100;7.585
51.638975;6.433253;99;6.068
51.638988;6.43325;99;6.068
51.638991;6.433235;100;6.068
51.638979;6.433232;97;6.068
51.63896;6.433239;95;6.068
51.638952;6.433241;93;6.068
51.638941;6.433233;93;6.068
51.63894;6.433224;94;6.068
51.638942;6.43322;95;6.068
51.638941;6.433219;95;6.068
51.63894;6.433218;95;6.068
51.63894;6.433218;95;6.068
51.638939;6.433218;95;6.068
51.638939;6.433219;95;6.068
51.638935;6.433212;96;7.585
51.638931;6.433202;96;7.585
51.638932;6.4332;96;7.585
51.638928;6.4332;97;7.585
51.63893;6.433197;85;7.585
51.63893;6.433194;90;7.585
51.638929;6.433194;92;7.585
51.638929;6.433194;94;7.585
51.638929;6.433194;95;7.585
51.638929;6.433194;96;6.068
51.638929;6.433193;96;6.068
51.638929;6.433193;96;6.068
51.638929;6.433193;96;6.068
51.63893;6.433193;96;10.6189995
51.63893;6.433193;96;10.6189995
51.63893;6.433193;96;10.6189995
51.63893;6.433193;96;9.101999
51.63893;6.433192;96;9.101999
51.63893;6.433192;96;9.101999
51.63893;6.433192;96;10.6189995
51.63893;6.433192;96;10.6189995
51.63893;6.433192;96;10.6189995
51.63893;6.433192;96;12.136
51.63893;6.433191;97;10.6189995
51.63893;6.433191;97;9.101999
51.63893;6.433191;97;10.6189995
51.63893;6.433191;97;10.6189995
51.638929;6.433191;97;12.136
51.638929;6.433191;97;9.101999
51.638929;6.433191;97;7.585
51.63893;6.433191;97;7.585
51.63893;6.433191;97;6.068
51.63893;6.433191;97;6.068
51.63893;6.433191;97;4.5509996
51.638929;6.433191;97;4.5509996
51.638929;6.433191;97;4.5509996
51.638929;6.43319;97;6.068
51.638929;6.43319;97;6.068
51.638929;6.43319;97;7.585
51.638911;6.433142;110;7.585
51.638909;6.43313;110;7.585
51.638903;6.433129;112;6.068
51.638894;6.433129;114;6.068
51.638892;6.433128;114;6.068
51.638892;6.433127;114;6.068
51.638892;6.433127;114;6.068
51.638892;6.433127;114;7.585
51.638892;6.433127;114;7.585
51.638892;6.433126;114;7.585
51.638892;6.433126;114;6.068
51.638892;6.433126;114;6.068
51.638892;6.433126;114;6.068
51.638892;6.433126;114;6.068
51.638892;6.433126;114;6.068
51.638892;6.433126;114;6.068
51.638892;6.433126;114;6.068
51.638892;6.433126;114;6.068
51.638892;6.433126;114;6.068
51.638892;6.433125;114;6.068
51.638892;6.433126;114;6.068
51.638892;6.433126;114;6.068
51.638892;6.433126;114;6.068
51.638892;6.433126;114;4.5509996
51.638892;6.433125;114;4.5509996
51.638892;6.433125;114;6.068
51.638892;6.433125;114;6.068
51.638893;6.433125;114;6.068
51.638893;6.433125;114;6.068
51.638893;6.433125;114;4.5509996
51.638892;6.433125;114;7.585
51.638892;6.433125;114;7.585
51.638892;6.433125;114;9.101999
51.638892;6.433125;114;9.101999
51.638892;6.433125;114;9.101999
51.638892;6.433125;114;9.101999
51.638892;6.433125;114;9.101999
51.638866;6.43312;85;9.101999
51.638855;6.433131;85;10.6189995
51.638866;6.433136;85;9.101999
51.638876;6.433147;74;9.101999
51.638899;6.43315;78;9.101999
51.638916;6.433169;80;10.6189995
51.63893;6.43319;81;9.101999
51.638951;6.433208;83;9.101999
51.638989;6.43322;86;10.6189995
51.639004;6.433246;87;12.136
51.639019;6.433289;89;12.136
51.639072;6.433323;86;15.17
51.639135;6.433356;89;15.17
51.639182;6.433394;90;15.17
51.639227;6.433434;91;12.136
51.639237;6.433442;93;12.136
51.639235;6.433447;95;10.6189995
51.639231;6.433465;95;9.101999
51.639229;6.433471;95;9.101999
51.639229;6.433496;95;10.6189995
51.639235;6.43353;96;12.136
51.63927;6.433581;96;13.653
51.639314;6.433648;97;16.687
51.639344;6.433693;96;16.687
51.6394;6.433731;93;18.203999
51.63946;6.433762;95;19.720999
51.639492;6.433811;92;18.203999
51.639549;6.433862;91;18.203999
51.639607;6.43392;72;19.720999
51.639684;6.434076;81;18.203999
51.639706;6.434109;82;16.687
51.639786;6.434171;84;16.687
51.639829;6.43423;84;15.17
51.639899;6.434317;84;15.17
51.639939;6.434371;88;16.687
51.639955;6.434409;89;15.17
51.63998;6.434478;89;15.17
51.639993;6.434547;89;16.687
51.640001;6.43458;89;18.203999
51.640013;6.434597;90;18.203999
51.640046;6.434611;92;16.687
51.640098;6.434634;92;16.687
51.640161;6.434619;90;18.203999
51.640243;6.434577;89;18.203999
51.640283;6.434539;91;18.203999
51.640366;6.43445;93;16.687
51.640431;6.434387;93;15.17
51.640508;6.434318;92;12.136
51.640554;6.434301;92;13.653
51.640591;6.434208;90;13.653
51.640601;6.434152;89;15.17
51.640623;6.434052;94;15.17
51.640673;6.433946;95;16.687
51.640713;6.433875;95;16.687
51.640741;6.433814;94;15.17
51.640771;6.433728;94;12.136
51.640802;6.433658;96;10.6189995
51.640849;6.433607;96;12.136
51.640879;6.433566;98;10.6189995
51.640925;6.433481;99;9.101999
51.640947;6.433398;99;7.585
51.640976;6.433353;101;9.101999
51.641012;6.433321;103;9.101999
51.641078;6.43329;104;7.585
51.641111;6.433274;105;6.068
51.641169;6.433289;109;7.585
51.641203;6.433309;109;7.585
51.641255;6.433349;95;9.101999
51.641294;6.433369;98;9.101999
51.641353;6.43341;100;10.6189995
51.641365;6.433452;102;10.6189995
51.641374;6.433497;99;10.6189995
51.641396;6.433506;97;12.136
51.641438;6.433547;96;15.17
51.641469;6.433636;96;16.687
51.641497;6.43373;94;19.720999
51.641513;6.433837;93;16.687
51.641544;6.433905;94;18.203999
51.641572;6.433954;94;18.203999
51.641605;6.434037;95;19.720999
51.64163;6.434127;96;21.237999
51.641678;6.434199;95;21.237999
51.641717;6.434289;94;18.203999
51.641737;6.434383;86;18.203999
51.641771;6.434467;86;16.687
51.641789;6.434517;89;16.687
51.641825;6.434589;85;16.687
51.641853;6.434659;86;18.203999
51.641883;6.434743;92;18.203999
51.641909;6.434827;97;18.203999
51.64192;6.434945;99;19.720999
51.641985;6.435005;102;18.203999
51.642041;6.435024;105;18.203999
51.642106;6.435064;108;22.755
51.642156;6.435123;107;16.687
51.642207;6.435175;110;16.687
51.642296;6.435221;93;13.653
51.642393;6.43525;99;13.653
51.642436;6.435287;105;13.653
51.642472;6.435312;106;12.136
51.642552;6.435351;106;10.6189995
51.642588;6.435387;104;12.136
51.64263;6.435414;100;12.136
51.642687;6.43543;103;12.136
51.642714;6.435456;103;10.6189995
51.642748;6.435494;103;10.6189995
51.642775;6.435519;104;10.6189995
51.642831;6.435564;105;9.101999
51.642854;6.435636;106;9.101999
51.642859;6.435711;107;7.585
51.642887;6.435784;106;7.585
51.642925;6.435852;106;10.6189995
51.642947;6.435911;105;10.6189995
51.642947;6.436021;107;10.6189995
51.642979;6.436109;108;9.101999
51.64299;6.436149;103;7.585
51.643026;6.436199;102;9.101999
51.64307;6.436244;101;9.101999
51.643086;6.436324;100;10.6189995
51.643098;6.436373;100;10.6189995
51.643133;6.436438;99;10.6189995
51.643146;6.436519;101;12.136
51.643155;6.436608;90;12.136
51.643163;6.436701;95;12.136
51.643187;6.436776;97;10.6189995
51.64321;6.43683;99;10.6189995
51.643225;6.436911;101;10.6189995
51.643226;6.436999;103;10.6189995
51.643218;6.437074;102;10.6189995
51.643217;6.437135;102;12.136
51.643223;6.437185;102;10.6189995
51.643232;6.437268;103;10.6189995
51.643236;6.437354;103;10.6189995
51.643241;6.437465;103;12.136
51.643241;6.437533;103;10.6189995
51.643242;6.437646;104;13.653
51.643238;6.437727;103;13.653
51.643225;6.437816;107;13.653
51.643238;6.437868;106;12.136
51.643251;6.437999;109;12.136
51.643253;6.438112;109;9.101999
51.643256;6.438221;110;7.585
51.643269;6.4383;110;9.101999
51.64328;6.438405;108;9.101999
51.643293;6.438474;110;9.101999
51.643322;6.438547;109;9.101999
51.643316;6.438603;109;9.101999
51.643321;6.438713;108;10.6189995
51.64332;6.438806;96;9.101999
51.643327;6.438913;101;7.585
51.643332;6.438956;101;7.585
51.643354;6.439005;103;9.101999
51.643378;6.439031;103;9.101999
51.643409;6.439084;105;10.6189995
51.643438;6.439129;108;9.101999
51.643452;6.43921;94;10.6189995
51.643483;6.439287;96;15.17
51.643493;6.439392;103;12.136
51.643507;6.439485;105;10.6189995
51.643517;6.439562;107;10.6189995
51.643527;6.439626;107;10.6189995
51.643539;6.439701;108;12.136
51.643557;6.439778;113;10.6189995
51.643568;6.439846;112;10.6189995
51.643568;6.439922;114;12.136
51.643571;6.439971;113;10.6189995
51.643588;6.44006;114;12.136
51.643587;6.440179;114;12.136
51.643595;6.440278;116;12.136
51.643611;6.440362;114;12.136
51.643609;6.440444;112;12.136
51.643627;6.440537;113;13.653
51.643639;6.440638;114;13.653
51.643638;6.440751;116;12.136
51.643628;6.440834;117;13.653
51.643623;6.440984;117;13.653
51.643628;6.44111;116;10.6189995
51.64365;6.441216;113;10.6189995
51.643655;6.441312;113;10.6189995
51.643663;6.441421;114;10.6189995
51.643666;6.441486;114;10.6189995
51.643664;6.441589;116;9.101999
51.643671;6.441693;102;10.6189995
51.643691;6.441771;105;10.6189995
51.643709;6.441869;111;9.101999
51.643722;6.44193;111;12.136
51.643758;6.441984;115;9.101999
51.643798;6.44205;116;9.101999
51.64382;6.442097;116;10.6189995
51.643827;6.442171;101;10.6189995
51.64382;6.442245;106;12.136
51.643839;6.442306;111;13.653
51.643865;6.442361;111;16.687
51.643886;6.442456;109;18.203999
51.643896;6.442514;111;16.687
51.643919;6.442626;112;15.17
51.64393;6.442714;114;13.653
51.643938;6.442808;117;12.136
51.643918;6.442868;118;13.653
51.643902;6.44287;117;12.136
51.643834;6.442899;120;13.653
51.64379;6.442931;121;12.136
51.643755;6.442969;122;10.6189995
51.643711;6.443046;88;7.585
51.643694;6.443085;104;7.585
51.6437;6.443121;115;6.068
51.643698;6.443131;120;4.5509996
51.643716;6.443154;120;4.5509996
51.643726;6.443178;121;4.5509996
51.643731;6.443198;122;4.5509996
51.643725;6.443208;121;4.5509996
51.64374;6.443192;121;4.5509996
51.643739;6.443187;121;4.5509996
51.643732;6.443195;122;4.5509996
51.643725;6.443201;123;6.068
51.643723;6.443191;124;4.5509996
51.643705;6.443184;125;4.5509996
51.643711;6.443175;125;4.5509996
51.643716;6.443168;124;4.5509996
51.643717;6.443177;123;4.5509996
51.643715;6.443177;124;4.5509996
51.643714;6.443177;124;4.5509996
51.643714;6.443176;124;4.5509996
51.643714;6.443176;124;4.5509996
51.643714;6.443176;124;4.5509996
51.643714;6.443178;126;4.5509996
51.643713;6.443135;122;6.068
51.643724;6.443121;121;6.068
51.643716;6.443116;120;6.068
51.643711;6.443134;121;4.5509996
51.64371;6.443143;121;4.5509996
51.643708;6.443145;122;4.5509996
51.643702;6.443145;123;4.5509996
51.643701;6.443148;123;4.5509996
51.643701;6.44315;123;4.5509996
51.643701;6.44315;123;4.5509996
51.643702;6.44315;123;4.5509996
51.643702;6.44315;123;4.5509996
51.643709;6.443158;123;4.5509996
51.643715;6.443171;118;4.5509996
51.643713;6.443175;117;4.5509996
51.643714;6.44318;116;4.5509996
51.643677;6.443158;112;4.5509996
51.643618;6.443143;109;4.5509996
51.643556;6.44312;111;6.068
51.643531;6.443051;112;6.068
51.643569;6.442971;113;6.068
51.643622;6.442892;113;7.585
51.643659;6.442793;112;9.101999
51.643674;6.442724;110;9.101999
51.643697;6.44263;87;9.101999
51.643709;6.44257;92;9.101999
51.643733;6.442493;96;9.101999
51.643763;6.442402;106;9.101999
51.643792;6.442326;111;7.585
51.643828;6.44236;113;7.585
51.643844;6.442431;114;9.101999
51.643859;6.442506;112;7.585
51.643878;6.442558;113;7.585
51.643893;6.442625;112;6.068
51.643917;6.442692;110;7.585
51.643941;6.442804;110;7.585
51.643963;6.442895;114;7.585
51.643995;6.442997;112;7.585
51.644015;6.443077;112;7.585
51.644029;6.443138;90;9.101999
51.64403;6.443215;99;10.6189995
51.644039;6.443308;105;7.585
51.644072;6.443396;109;6.068
51.644094;6.443483;115;6.068
51.644113;6.443591;119;6.068
51.644142;6.443664;120;7.585
51.644154;6.443714;122;7.585
51.644158;6.443806;94;7.585
51.644169;6.443911;107;6.068
51.644185;6.443943;106;7.585
51.644185;6.443943;111;7.585
51.644173;6.443944;117;7.585
51.644155;6.443962;119;6.068
51.644155;6.443965;120;6.068
51.644157;6.443961;121;7.585
51.644163;6.443955;125;7.585
51.644174;6.44393;122;7.585
51.644171;6.443924;125;7.585
51.644175;6.443931;126;7.585
51.644179;6.443938;127;7.585
51.644178;6.443941;126;7.585
51.644178;6.443942;126;7.585
51.644178;6.443942;126;7.585
51.644178;6.443942;126;7.585
51.644178;6.443942;126;7.585
51.644177;6.443943;126;7.585
51.644177;6.443944;126;7.585
51.644177;6.443944;126;7.585
51.644176;6.443944;126;9.101999
51.644176;6.443944;126;7.585
51.644176;6.443944;126;7.585
51.644176;6.443944;126;6.068
51.644176;6.443944;126;7.585
51.644176;6.443944;126;7.585
51.644177;6.443951;125;9.101999
51.644185;6.443989;124;7.585
51.644197;6.444079;125;4.5509996
51.644208;6.444126;126;4.5509996
51.644215;6.444127;126;4.5509996
51.644219;6.444116;127;4.5509996
51.644225;6.444102;127;6.068
51.644227;6.444099;127;6.068
51.644227;6.444098;127;6.068
51.644227;6.444099;127;6.068
51.644227;6.444099;127;6.068
51.644226;6.444099;127;6.068
51.644226;6.444099;127;7.585
51.644226;6.444099;127;7.585
51.644226;6.4441;127;7.585
51.644226;6.444099;127;7.585
51.644225;6.4441;127;7.585
51.644225;6.4441;127;7.585
51.644225;6.4441;127;7.585
51.644225;6.4441;127;9.101999
51.644225;6.4441;127;10.6189995
51.644225;6.4441;127;10.6189995
51.644227;6.444101;127;9.101999
51.644216;6.444145;127;7.585
51.644208;6.444182;128;7.585
51.644185;6.444194;127;9.101999
51.644155;6.4442;123;10.6189995
51.644112;6.44423;117;10.6189995
51.644054;6.444238;113;10.6189995
51.64399;6.44421;111;10.6189995
51.643939;6.444225;111;9.101999
51.643898;6.44422;110;10.6189995
51.643853;6.444213;108;10.6189995
51.643813;6.444215;107;12.136
51.643772;6.444229;107;10.6189995
51.643734;6.444248;103;12.136
51.643696;6.444274;104;15.17
51.64367;6.444269;102;13.653
51.643625;6.444276;100;13.653
51.64359;6.444276;100;12.136
51.643535;6.44429;100;12.136
51.643452;6.444301;98;12.136
51.643381;6.444296;97;15.17
51.643329;6.444298;97;15.17
51.643273;6.444308;98;15.17
51.643204;6.444323;101;15.17
51.643135;6.444319;104;13.653
51.643071;6.444314;105;12.136
51.643046;6.444313;105;10.6189995
51.642974;6.444323;104;10.6189995
51.642748;6.444409;101;10.6189995
51.642523;6.444422;100;9.101999
51.642265;6.444486;100;7.585
51.641991;6.444559;99;7.585
51.641706;6.444623;101;7.585
51.641488;6.444639;101;9.101999
51.641239;6.444765;97;9.101999
51.641038;6.444814;97;10.6189995
51.640941;6.444867;99;12.136
51.640855;6.44492;99;10.6189995
51.640834;6.44493;99;12.136
51.64084;6.445014;93;12.136
51.640826;6.445108;90;10.6189995
51.640825;6.445166;87;10.6189995
51.640823;6.445229;87;12.136
51.64083;6.44529;87;10.6189995
51.640839;6.445327;89;12.136
51.640862;6.445411;91;12.136
51.640902;6.445458;95;13.653
51.640918;6.445524;92;13.653
51.640923;6.445567;90;15.17
51.640926;6.445634;88;16.687
51.640938;6.445666;84;16.687
51.64097;6.44573;83;16.687
51.640998;6.445789;83;18.203999
51.641016;6.445905;82;21.237999
51.641011;6.446024;84;18.203999
51.641007;6.446106;81;18.203999
51.641019;6.446161;79;16.687
51.641025;6.446267;80;19.720999
51.641026;6.446361;81;19.720999
51.641064;6.446463;81;16.687
51.641093;6.446529;81;16.687
51.641119;6.446627;82;16.687
51.641137;6.446749;94;15.17
51.64114;6.446889;92;12.136
51.641151;6.446983;88;12.136
51.641173;6.447015;87;13.653
51.641189;6.44709;86;13.653
51.641195;6.447164;87;13.653
51.641202;6.44726;86;16.687
51.641194;6.447419;86;15.17
51.641215;6.44755;76;13.653
51.641239;6.447601;78;12.136
51.641288;6.447645;82;10.6189995
51.64131;6.447651;85;9.101999
51.641325;6.447659;89;7.585
51.641345;6.447682;90;7.585
51.641355;6.447696;92;7.585
51.641358;6.447692;85;7.585
51.641363;6.447705;90;7.585
51.641379;6.447691;92;6.068
51.641389;6.447692;93;6.068
51.641395;6.447693;94;6.068
51.641398;6.447691;94;6.068
51.641396;6.447693;94;7.585
51.641397;6.447692;94;7.585
51.641399;6.447689;94;7.585
51.641399;6.447689;94;9.101999
51.641399;6.44769;94;10.6189995
51.641399;6.44769;81;10.6189995
51.641399;6.44769;88;9.101999
51.641398;6.44769;92;7.585
51.641399;6.447687;94;9.101999
51.641419;6.447714;94;10.6189995
51.641441;6.447798;95;9.101999
51.641454;6.447882;96;9.101999
51.641461;6.447947;95;9.101999
51.641474;6.44799;95;9.101999
51.641486;6.448077;95;9.101999
51.641498;6.448147;93;7.585
51.641514;6.448232;92;9.101999
51.641521;6.44834;93;7.585
51.641531;6.448402;93;9.101999
51.641544;6.448469;90;10.6189995
51.641567;6.44853;91;10.6189995
51.641586;6.448574;90;12.136
51.641596;6.448621;91;15.17
51.64161;6.448683;89;13.653
51.641635;6.448739;88;15.17
51.641651;6.448778;87;13.653
51.641661;6.44885;88;13.653
51.641667;6.448922;89;15.17
51.641677;6.44905;88;15.17
51.641684;6.449158;87;13.653
51.641687;6.449224;86;13.653
51.641681;6.449325;86;13.653
51.64168;6.449444;88;13.653
51.641686;6.449535;86;12.136
51.641697;6.449596;86;12.136
51.641721;6.449653;87;12.136
51.641738;6.449684;88;10.6189995
51.641776;6.449737;90;10.6189995
51.641785;6.449808;87;9.101999
51.641784;6.449867;87;9.101999
51.6418;6.449908;87;10.6189995
51.641843;6.449927;87;12.136
51.641873;6.449975;86;12.136
51.641889;6.450051;84;13.653
51.641905;6.450126;79;13.653
51.641932;6.450219;78;15.17
51.641949;6.450258;78;13.653
51.641965;6.450291;81;13.653
51.641963;6.450324;82;12.136
51.641974;6.450365;84;12.136
51.641975;6.450406;86;10.6189995
51.641977;6.450434;87;10.6189995
51.641983;6.450458;87;9.101999
51.641993;6.450489;89;7.585
51.641998;6.450518;93;7.585
51.642;6.450527;94;6.068
51.642001;6.450529;94;6.068
51.642;6.45053;94;7.585
51.641999;6.450533;95;7.585
51.642006;6.450563;94;7.585
51.642025;6.450612;94;7.585
51.642052;6.450673;94;9.101999
51.642069;6.450734;93;10.6189995
51.642072;6.450787;91;12.136
51.642054;6.450901;89;13.653
51.642031;6.45101;87;13.653
51.642024;6.451084;88;12.136
51.642001;6.45121;89;10.6189995
51.642007;6.451288;89;12.136
51.642032;6.451381;86;13.653
51.642071;6.451448;83;13.653
51.642098;6.451517;83;13.653
51.642124;6.451578;85;13.653
51.642145;6.451643;87;15.17
51.642191;6.451718;87;13.653
51.642223;6.451821;89;18.203999
51.642237;6.451896;87;15.17
51.642244;6.452026;86;12.136
51.642238;6.452108;87;13.653
51.642239;6.452228;91;12.136
51.642246;6.452352;91;10.6189995
51.642271;6.45246;92;9.101999
51.642295;6.452541;94;10.6189995
51.642351;6.452646;96;9.101999
51.642373;6.452706;96;9.101999
51.642391;6.452804;93;7.585
51.642415;6.452861;94;7.585
51.642466;6.452943;93;9.101999
51.642512;6.452979;90;9.101999
51.642553;6.453033;82;7.585
51.642581;6.453064;85;7.585
51.642609;6.453104;88;9.101999
51.642642;6.453126;88;9.101999
51.642665;6.453144;86;9.101999
51.642678;6.453143;87;9.101999
51.642697;6.453102;89;7.585
51.642709;6.453046;80;9.101999
51.642737;6.453028;85;9.101999
51.642753;6.452999;86;9.101999
51.642783;6.452976;88;10.6189995
51.642805;6.452963;89;10.6189995
51.64283;6.452961;90;12.136
51.642878;6.452923;93;10.6189995
51.642898;6.452894;95;10.6189995
51.642938;6.452884;96;9.101999
51.642982;6.452878;96;7.585
51.643016;6.452886;95;7.585
51.643067;6.45291;95;7.585
51.643113;6.452934;94;6.068
51.643151;6.452987;93;6.068
51.643163;6.453046;82;7.585
51.643171;6.453103;89;7.585
51.64317;6.45317;92;9.101999
51.643177;6.453203;91;9.101999
51.643205;6.453233;93;7.585
51.643219;6.453267;93;9.101999
51.643229;6.453293;90;10.6189995
51.643221;6.453308;87;10.6189995
51.643186;6.453333;86;10.6189995
51.64315;6.453347;83;10.6189995
51.643125;6.45334;83;12.136
51.6431;6.453326;84;15.17
51.643064;6.453314;83;10.6189995
51.643023;6.453311;82;10.6189995
51.642976;6.453299;80;10.6189995
51.642921;6.453291;79;10.6189995
51.642874;6.45329;77;10.6189995
51.642826;6.453261;77;10.6189995
51.642805;6.453215;77;9.101999
51.642808;6.453174;77;9.101999
51.642805;6.453161;78;9.101999
51.642811;6.453171;84;9.101999
51.642821;6.453219;84;7.585
51.642827;6.453266;84;6.068
51.642871;6.453308;84;6.068
51.642906;6.453354;83;6.068
51.642885;6.45343;81;6.068
51.642843;6.453535;82;4.5509996
51.642842;6.453647;84;4.5509996
51.642848;6.453693;86;6.068
51.64285;6.453742;86;6.068
51.642835;6.453777;86;6.068
51.642812;6.453832;85;6.068
51.642818;6.453861;86;6.068
51.642843;6.453892;88;6.068
51.642862;6.453911;89;6.068
51.642895;6.453905;88;7.585
51.642941;6.453895;88;7.585
51.642954;6.453858;89;9.101999
51.64293;6.453817;77;9.101999
51.642897;6.453797;81;7.585
51.642856;6.453807;86;7.585
51.642845;6.453834;85;9.101999
51.642828;6.453871;86;7.585
51.64285;6.45389;85;10.6189995
51.642892;6.453866;87;9.101999
51.642918;6.453832;85;9.101999
51.642907;6.453772;84;9.101999
51.642869;6.453756;89;9.101999
51.642845;6.453772;88;9.101999
51.642845;6.453822;89;10.6189995
51.642875;6.453873;93;9.101999
51.642917;6.45388;90;9.101999
51.642952;6.453854;90;9.101999
51.642972;6.453798;87;9.101999
51.642962;6.453733;87;9.101999
51.642931;6.4537;86;9.101999
51.642919;6.453708;87;7.585
51.64292;6.453714;79;7.585
51.642921;6.45371;83;7.585
51.642916;6.453749;85;7.585
51.642932;6.453804;85;7.585
51.642953;6.453839;84;7.585
51.642972;6.453832;84;7.585
51.642974;6.453799;83;7.585
51.642945;6.45376;85;6.068
51.642908;6.45377;84;6.068
51.642889;6.453836;87;7.585
51.642898;6.453883;84;7.585
51.642928;6.453894;83;9.101999
51.642962;6.45385;83;9.101999
51.642959;6.453792;82;9.101999
51.642933;6.453771;80;7.585
51.642891;6.453816;81;7.585
51.642889;6.453853;80;7.585
51.642903;6.453865;79;7.585
51.642932;6.453872;79;9.101999
51.642939;6.453853;78;9.101999
51.642915;6.453819;79;9.101999
51.642886;6.4538;80;7.585
51.642881;6.453767;79;7.585
51.642885;6.453734;79;7.585
51.642887;6.453701;74;7.585
51.64289;6.45368;77;6.068
51.642889;6.453672;81;6.068
51.642882;6.453657;83;6.068
51.642881;6.453653;84;6.068
51.64288;6.453653;84;6.068
51.64288;6.453653;84;7.585
51.64288;6.453653;84;6.068
51.64288;6.453654;84;6.068
51.64288;6.453654;84;7.585
51.64288;6.453654;85;7.585
51.64288;6.453654;85;7.585
51.642883;6.453659;86;7.585
51.642891;6.453705;86;6.068
51.642901;6.453741;83;7.585
51.642896;6.453763;83;7.585
51.642889;6.453785;81;7.585
51.642897;6.453795;82;7.585
51.642901;6.453794;82;7.585
51.642905;6.453785;83;6.068
51.642907;6.453776;82;7.585
51.642909;6.45377;82;7.585
51.642909;6.453769;82;7.585
51.642909;6.453769;82;7.585
51.642909;6.453769;82;7.585
51.642909;6.453769;82;7.585
51.642909;6.453769;82;7.585
51.642909;6.453769;82;9.101999
51.642908;6.453769;82;9.101999
51.642908;6.453769;82;9.101999
51.642908;6.453769;82;7.585
51.642908;6.453769;82;7.585
51.642908;6.453768;82;7.585
51.642908;6.453768;82;6.068
51.642908;6.453767;82;6.068
51.642909;6.453766;82;6.068
51.642909;6.453766;82;7.585
51.642909;6.453765;82;6.068
51.642909;6.453765;82;7.585
51.642909;6.453765;82;9.101999
51.642909;6.453766;82;9.101999
51.642909;6.453766;82;9.101999
51.642909;6.453767;82;7.585
51.64291;6.453767;82;7.585
51.64291;6.453766;82;6.068
51.64291;6.453765;82;6.068
51.642913;6.453762;82;6.068
51.642938;6.453751;83;7.585
51.642964;6.453737;83;6.068
51.642969;6.453742;85;6.068
51.642984;6.453777;83;6.068
51.642989;6.453793;82;6.068
51.64299;6.453795;82;6.068
51.64299;6.453796;82;7.585
51.642989;6.453797;82;6.068
51.642989;6.453797;82;6.068
51.642988;6.453798;82;6.068
51.642988;6.453799;82;7.585
51.642988;6.453799;82;7.585
51.642984;6.453802;82;7.585
51.642988;6.453798;82;6.068
51.642994;6.45379;82;7.585
51.643003;6.453777;81;9.101999
51.643005;6.453769;81;7.585
51.642998;6.453767;82;7.585
51.642994;6.453772;82;7.585
51.642985;6.453776;82;7.585
51.642982;6.453773;82;9.101999
51.642981;6.45377;83;9.101999
51.642981;6.453769;83;7.585
51.642981;6.453769;83;9.101999
51.642971;6.453763;78;9.101999
51.642956;6.453745;78;9.101999
51.642979;6.453754;80;7.585
51.643024;6.453788;81;7.585
51.64305;6.453858;80;9.101999
51.643053;6.453936;80;10.6189995
51.643034;6.454045;81;10.6189995
51.643017;6.454152;80;7.585
51.642995;6.454235;80;9.101999
51.642999;6.454325;79;10.6189995
51.643004;6.454376;82;12.136
51.643019;6.454474;81;12.136
51.643035;6.454561;80;10.6189995
51.643071;6.454659;78;10.6189995
51.64309;6.454708;76;10.6189995
51.643107;6.45477;72;10.6189995
51.643149;6.454808;74;10.6189995
51.643184;6.454855;75;10.6189995
51.643244;6.454944;76;10.6189995
51.64331;6.455013;80;10.6189995
51.643339;6.455062;80;9.101999
51.643358;6.455145;79;9.101999
51.643362;6.455197;79;9.101999
51.643369;6.45529;78;7.585
51.643407;6.455342;78;7.585
51.643452;6.455417;79;9.101999
51.643486;6.455487;80;7.585
51.643562;6.455635;85;7.585
51.643616;6.455718;86;6.068
51.643669;6.455785;88;6.068
51.643716;6.455869;88;6.068
51.643762;6.455948;91;6.068
51.64379;6.456021;90;6.068
51.643802;6.456069;91;6.068
51.643825;6.456131;91;6.068
51.643836;6.456163;91;6.068
51.643861;6.45623;90;6.068
51.643872;6.456277;90;6.068
51.643894;6.45635;91;6.068
51.643899;6.45639;89;6.068
51.6439;6.456412;90;6.068
51.643905;6.456408;90;6.068
51.643921;6.456394;89;7.585
51.643969;6.456367;89;6.068
51.644041;6.456347;90;6.068
51.644109;6.456273;91;6.068
51.644151;6.456213;91;6.068
51.644204;6.456131;90;7.585
51.644236;6.456092;88;7.585
51.644278;6.456041;85;7.585
51.644327;6.455951;86;6.068
51.644373;6.455876;86;7.585
51.644406;6.45582;84;7.585
51.64445;6.455739;82;6.068
51.644491;6.455658;78;6.068
51.644531;6.455583;78;6.068
51.644566;6.455527;76;7.585
51.644628;6.455492;77;7.585
51.644688;6.455413;77;6.068
51.644742;6.455349;75;7.585
51.644796;6.4553;75;6.068
51.644833;6.455246;77;6.068
51.644883;6.455175;77;6.068
51.644912;6.45513;79;6.068
51.644921;6.455104;79;7.585
51.644936;6.455049;80;7.585
51.644971;6.455015;80;7.585
51.644989;6.454981;82;6.068
51.644998;6.454953;83;6.068
51.645024;6.454914;83;6.068
51.645058;6.454896;83;6.068
51.645083;6.454865;82;6.068
51.645094;6.454842;81;6.068
51.645116;6.454812;82;7.585
51.645132;6.45477;80;6.068
51.645143;6.454743;78;4.5509996
51.645162;6.454725;78;4.5509996
51.645155;6.454725;77;4.5509996
51.645156;6.45473;78;4.5509996
51.645155;6.454729;78;4.5509996
51.645156;6.454728;78;4.5509996
51.645157;6.454727;78;4.5509996
51.645157;6.454727;78;4.5509996
51.645157;6.454727;78;6.068
51.645157;6.454727;77;6.068
51.645157;6.454727;77;6.068
51.645157;6.454727;78;7.585
51.645156;6.454728;78;7.585
51.645156;6.454729;78;7.585
51.645156;6.454728;78;6.068
51.645156;6.454728;78;6.068
51.645156;6.454728;78;7.585
51.645156;6.454728;78;7.585
51.645156;6.454728;75;6.068
51.645156;6.454728;77;6.068
51.645156;6.454728;78;4.5509996
51.645156;6.454728;78;4.5509996
51.645156;6.454727;78;6.068
51.645156;6.454727;78;6.068
51.645156;6.454727;78;6.068
51.645156;6.454727;78;7.585
51.645156;6.454727;78;9.101999
51.645156;6.454727;78;7.585
51.64515;6.454712;77;7.585
51.645137;6.454694;76;7.585
51.645133;6.454686;76;7.585
51.645147;6.454683;77;7.585
51.64514;6.454658;81;6.068
51.645134;6.454644;81;6.068
51.645133;6.454643;79;4.5509996
51.645133;6.454643;80;4.5509996
51.645133;6.454643;81;4.5509996
51.645133;6.454643;81;6.068
51.645133;6.454643;81;6.068
51.645134;6.454643;81;6.068
51.645134;6.454644;81;6.068
51.645134;6.454645;81;6.068
51.645134;6.454644;81;4.5509996
51.645134;6.454644;81;4.5509996
51.645134;6.454644;81;4.5509996
51.645133;6.454644;81;4.5509996
51.645133;6.454644;81;4.5509996
51.645133;6.454644;81;4.5509996
51.645133;6.454644;81;4.5509996
51.645133;6.454644;81;4.5509996
51.645127;6.454654;83;4.5509996
51.645127;6.454641;82;4.5509996
51.645126;6.454645;82;4.5509996
51.645139;6.45464;83;4.5509996
51.645149;6.454635;84;4.5509996
51.645171;6.454609;83;4.5509996
51.645219;6.454552;80;4.5509996
51.645235;6.454506;80;4.5509996
51.645255;6.454483;80;4.5509996
51.645281;6.454417;80;4.5509996
51.645313;6.454373;81;4.5509996
51.64536;6.454313;81;4.5509996
51.645405;6.454251;81;4.5509996
51.645438;6.454204;81;4.5509996
51.645496;6.454145;81;6.068
51.645555;6.454082;82;6.068
51.645607;6.454011;81;7.585
51.64567;6.453931;82;7.585
51.645702;6.453865;80;9.101999
51.645774;6.453761;77;9.101999
51.645844;6.453644;76;9.101999
51.645892;6.453547;78;7.585
51.645938;6.453455;80;9.101999
51.645991;6.453365;78;7.585
51.646029;6.453307;76;7.585
51.646081;6.453211;80;7.585
51.646118;6.453153;81;7.585
51.646174;6.453088;80;6.068
51.646216;6.45306;79;6.068
51.646274;6.452999;78;6.068
51.64631;6.452944;78;6.068
51.646369;6.452866;76;7.585
51.646421;6.452824;77;9.101999
51.646464;6.452745;78;10.6189995
51.646491;6.452682;79;9.101999
51.646543;6.452579;78;9.101999
51.646579;6.452512;78;9.101999
51.64662;6.452395;78;7.585
51.646644;6.45232;79;7.585
51.646665;6.452228;77;7.585
51.646665;6.452194;79;6.068
51.646666;6.452186;80;6.068
51.646687;6.452192;81;6.068
51.646705;6.452214;83;7.585
51.646698;6.452215;84;7.585
51.646682;6.452213;86;6.068
51.646675;6.452196;84;6.068
51.646679;6.452192;86;6.068
51.646677;6.452186;87;6.068
51.646678;6.452185;87;6.068
51.646678;6.452184;87;6.068
51.646678;6.452184;87;6.068
51.646678;6.452184;87;4.5509996
51.646678;6.452184;87;6.068
51.646678;6.452184;87;4.5509996
51.646678;6.452184;87;6.068
51.646678;6.452184;87;4.5509996
51.646678;6.452184;87;4.5509996
51.646678;6.452184;87;4.5509996
51.646678;6.452184;87;4.5509996
51.646678;6.452185;87;6.068
51.646679;6.452185;87;4.5509996
51.646679;6.452185;87;6.068
51.646679;6.452185;87;6.068
51.646679;6.452185;87;7.585
51.646679;6.452184;87;7.585
51.646682;6.452182;87;7.585
51.646694;6.452159;88;7.585
51.646687;6.452136;88;6.068
51.646658;6.452135;89;7.585
51.646661;6.452123;88;6.068
51.646661;6.452111;86;6.068
51.646663;6.452091;86;6.068
51.646657;6.452014;85;6.068
51.646624;6.451911;86;6.068
51.646595;6.451852;87;4.5509996
51.646551;6.45176;86;4.5509996
51.646492;6.45167;86;4.5509996
51.646454;6.451603;87;4.5509996
51.646417;6.45151;87;4.5509996
51.64638;6.451429;88;4.5509996
51.646347;6.451345;87;6.068
51.646352;6.451309;85;7.585
51.646387;6.451208;87;6.068
51.646437;6.451102;89;7.585
51.646486;6.451008;91;7.585
51.64652;6.450933;84;7.585
51.646554;6.450843;90;6.068
51.646593;6.450729;83;6.068
51.646633;6.450636;85;7.585
51.646662;6.45053;79;7.585
51.646674;6.450443;83;6.068
51.646654;6.450395;83;6.068
51.646616;6.450374;84;6.068
51.646566;6.450336;87;4.5509996
51.646524;6.450292;89;6.068
51.646487;6.450237;91;6.068
51.646452;6.450174;91;6.068
51.646411;6.450121;92;4.5509996
51.646383;6.450061;92;4.5509996
51.646353;6.450026;91;4.5509996
51.646319;6.449981;92;4.5509996
51.646275;6.44993;92;4.5509996
51.646231;6.44988;93;4.5509996
51.646191;6.449842;97;4.5509996
51.646177;6.449826;97;6.068
51.646172;6.449836;96;6.068
51.646167;6.449842;96;6.068
51.646149;6.44984;96;6.068
51.646138;6.449834;95;6.068
51.646138;6.44982;95;6.068
51.646119;6.449785;93;6.068
51.646107;6.449767;94;7.585
51.646081;6.449732;93;6.068
51.646059;6.449704;94;7.585
51.646034;6.449664;97;6.068
51.646017;6.449625;96;6.068
51.645996;6.449593;96;6.068
51.645972;6.449563;96;6.068
51.645949;6.449546;95;6.068
51.645925;6.449524;95;7.585
51.645893;6.449497;94;7.585
51.645861;6.449458;95;6.068
51.64583;6.449428;94;6.068
51.645819;6.449416;93;4.5509996
51.645815;6.449431;94;4.5509996
51.645815;6.449438;95;4.5509996
51.645822;6.449444;94;4.5509996
51.645822;6.449446;94;4.5509996
51.645822;6.449445;94;4.5509996
51.645814;6.449436;93;4.5509996
51.645804;6.449434;93;4.5509996
51.645796;6.449437;94;4.5509996
51.645794;6.449441;93;4.5509996
51.645791;6.449443;93;4.5509996
51.64579;6.449443;93;4.5509996
51.645791;6.449444;93;4.5509996
51.645791;6.449444;93;4.5509996
51.645791;6.449444;93;4.5509996
51.645792;6.449444;92;4.5509996
51.645792;6.449444;92;4.5509996
51.645792;6.449444;92;4.5509996
51.645792;6.449442;93;4.5509996
51.645794;6.449443;92;4.5509996
51.645821;6.449473;92;4.5509996
51.645823;6.449476;92;4.5509996
51.645822;6.44948;91;4.5509996
51.645818;6.449475;91;4.5509996
51.6458;6.449472;91;4.5509996
51.64578;6.449478;91;4.5509996
51.645782;6.449477;92;4.5509996
51.645782;6.449483;93;4.5509996
51.645781;6.449486;93;6.068
51.645781;6.449485;92;4.5509996
51.645782;6.449485;93;4.5509996
51.645782;6.449486;93;4.5509996
51.645782;6.449485;93;4.5509996
51.645782;6.449485;93;6.068
51.645782;6.449485;93;4.5509996
51.645782;6.449485;93;4.5509996
51.645782;6.449485;93;4.5509996
51.645787;6.449473;91;6.068
51.645787;6.449436;89;4.5509996
51.64576;6.449398;89;4.5509996
51.645746;6.449367;88;4.5509996
51.645753;6.449368;87;4.5509996
51.645752;6.449368;86;6.068
51.645748;6.449372;86;6.068
51.645745;6.449374;86;6.068
51.645744;6.449375;86;6.068
51.645744;6.449375;86;6.068
51.645744;6.449375;86;6.068
51.645744;6.449374;86;7.585
51.645743;6.449374;86;6.068
51.645743;6.449374;86;7.585
51.645743;6.449373;86;6.068
51.645725;6.449332;88;6.068
51.645699;6.449295;85;6.068
51.645695;6.449286;85;6.068
51.645679;6.449229;85;7.585
51.645674;6.449167;88;7.585
51.645663;6.449091;79;6.068
51.645645;6.449033;83;6.068
51.645625;6.44898;86;6.068
51.645604;6.448926;85;7.585
51.64559;6.448861;86;6.068
51.645602;6.448801;87;6.068
51.645619;6.448753;87;6.068
51.645623;6.448701;87;6.068
51.645617;6.448664;90;6.068
51.645607;6.448625;91;6.068
51.645584;6.448587;91;4.5509996
51.645569;6.448552;91;6.068
51.645558;6.448515;90;4.5509996
51.645535;6.448478;91;4.5509996
51.645516;6.448442;93;4.5509996
51.645506;6.448405;93;4.5509996
51.645506;6.448403;94;4.5509996
51.645505;6.448399;92;4.5509996
51.645512;6.448386;92;4.5509996
51.645524;6.44838;92;4.5509996
51.645525;6.448379;92;6.068
51.645525;6.448379;92;6.068
51.645525;6.448379;92;6.068
51.645525;6.448379;92;6.068
51.645525;6.448379;92;4.5509996
51.645525;6.448379;92;4.5509996
51.645525;6.448379;92;4.5509996
51.645525;6.448379;92;6.068
51.645525;6.448379;92;6.068
51.645525;6.448379;92;4.5509996
51.645525;6.448379;92;4.5509996
51.645525;6.448379;92;4.5509996
51.645525;6.448379;92;4.5509996
51.645525;6.448379;92;4.5509996
51.645525;6.448379;92;6.068
51.645525;6.448378;92;6.068
51.645526;6.448378;92;7.585
51.645526;6.448378;92;7.585
51.645526;6.448378;92;6.068
51.645525;6.448378;92;6.068
51.645525;6.448378;92;6.068
51.645525;6.448378;92;4.5509996
51.645525;6.448378;92;4.5509996
51.645525;6.448378;92;4.5509996
51.645525;6.448378;92;4.5509996
51.645525;6.448378;92;4.5509996
51.645525;6.448378;92;4.5509996
51.645525;6.448378;92;4.5509996
51.645525;6.448378;92;4.5509996
51.645525;6.448378;92;4.5509996
51.645525;6.448379;92;4.5509996
51.645525;6.448378;92;4.5509996
51.645525;6.448378;92;4.5509996
51.645524;6.448378;91;4.5509996
51.645524;6.448378;91;4.5509996
51.645524;6.448378;91;6.068
51.645524;6.448378;91;9.101999
51.645524;6.448378;91;9.101999
51.645525;6.448378;92;9.101999
51.645525;6.448378;92;10.6189995
51.645525;6.448378;92;7.585
51.645525;6.448378;92;6.068
51.645525;6.448378;92;6.068
51.645525;6.448378;92;6.068
51.645525;6.448378;92;6.068
51.645525;6.448378;92;6.068
51.645525;6.448378;92;6.068
51.645525;6.448378;92;6.068
51.645525;6.448378;85;7.585
51.645525;6.448378;88;7.585
51.645525;6.448378;82;6.068
51.645525;6.448378;85;6.068
51.645524;6.448376;88;7.585
51.645526;6.448361;92;7.585
51.645524;6.448347;95;7.585
51.645525;6.448355;96;6.068
51.645533;6.448367;98;6.068
51.645534;6.448413;100;4.5509996
51.645529;6.448388;100;4.5509996
51.645533;6.448375;102;4.5509996
51.645538;6.448392;101;4.5509996
51.645537;6.448399;101;6.068
51.645532;6.448396;100;4.5509996
51.645529;6.448393;99;4.5509996
51.645526;6.448393;99;4.5509996
51.645525;6.448394;99;4.5509996
51.645525;6.448394;99;4.5509996
51.645525;6.448394;99;4.5509996
51.64552;6.448399;97;4.5509996
51.645522;6.448378;97;4.5509996
51.645528;6.448381;97;4.5509996
51.645529;6.448393;99;4.5509996
51.645526;6.448387;99;4.5509996
51.645525;6.448384;99;4.5509996
51.645525;6.448383;99;6.068
51.645525;6.448383;99;4.5509996
51.645525;6.448383;99;4.5509996
51.645525;6.448383;99;4.5509996
51.645525;6.448384;99;4.5509996
51.645524;6.448372;100;4.5509996
51.645518;6.448353;98;4.5509996
51.645521;6.448346;97;4.5509996
51.645519;6.448349;98;4.5509996
51.645519;6.44835;98;4.5509996
51.64552;6.44835;98;4.5509996
51.645521;6.448349;98;4.5509996
51.645521;6.448349;98;4.5509996
51.645521;6.448349;98;4.5509996
51.645521;6.448349;98;6.068
51.645521;6.448349;98;6.068
51.645521;6.448349;98;6.068
51.645521;6.448349;98;6.068
51.645521;6.448349;86;6.068
51.645521;6.448349;92;7.585
51.645521;6.44835;95;7.585
51.645521;6.44835;96;7.585
51.645521;6.448349;97;7.585
51.645521;6.448349;97;7.585
51.645521;6.448349;97;9.101999
51.645521;6.44835;87;9.101999
51.645521;6.44835;91;9.101999
51.645521;6.44835;87;9.101999
51.645521;6.448351;92;9.101999
51.645521;6.448351;94;9.101999
51.645521;6.448354;96;7.585
51.645536;6.448373;98;6.068
51.64555;6.448406;99;6.068
51.645564;6.448455;99;4.5509996
51.645573;6.4485;98;4.5509996
51.645571;6.448522;98;4.5509996
51.645569;6.448529;98;4.5509996
51.64558;6.448575;101;4.5509996
51.645603;6.448612;103;6.068
51.645623;6.44865;103;6.068
51.645632;6.448693;102;4.5509996
51.645642;6.448746;102;4.5509996
51.645656;6.448791;99;6.068
51.645669;6.448839;101;6.068
51.645675;6.448887;100;6.068
51.645679;6.448942;105;6.068
51.645686;6.448999;105;7.585
51.645694;6.449059;103;7.585
51.645711;6.449108;103;6.068
51.645719;6.449157;102;6.068
51.645723;6.449209;101;6.068
51.645743;6.449245;103;6.068
51.645756;6.449287;102;6.068
51.64576;6.449319;99;6.068
51.645765;6.449359;97;6.068
51.64579;6.449396;97;6.068
51.645813;6.449427;99;6.068
51.645847;6.449464;99;6.068
51.645863;6.449504;99;6.068
51.645889;6.449533;100;6.068
51.645924;6.44957;101;6.068
51.645962;6.449603;101;6.068
51.645996;6.449646;103;6.068
51.646027;6.449689;105;6.068
51.646056;6.449722;102;6.068
51.646076;6.449751;101;4.5509996
51.646098;6.449761;101;4.5509996
51.646114;6.44976;101;6.068
51.646113;6.449763;102;4.5509996
51.646114;6.449767;102;4.5509996
51.646108;6.44977;101;4.5509996
51.646115;6.449772;101;4.5509996
51.646132;6.449782;100;4.5509996
51.64615;6.449806;99;6.068
51.646156;6.449809;98;6.068
51.646184;6.449827;99;6.068
51.646212;6.449867;99;6.068
51.646249;6.449926;99;6.068
51.646296;6.449993;101;4.5509996
51.646339;6.450056;99;4.5509996
51.64638;6.450105;99;4.5509996
51.646415;6.450141;100;6.068
51.646449;6.450179;99;6.068
51.646492;6.450229;99;6.068
51.646531;6.450284;98;6.068
51.646569;6.450335;95;6.068
51.646595;6.450354;93;6.068
51.646593;6.450345;93;4.5509996
51.646598;6.450339;94;4.5509996
51.64661;6.450348;95;6.068
51.646648;6.450366;96;4.5509996
51.646682;6.45036;96;6.068
51.646724;6.450307;92;6.068
51.646777;6.450203;92;6.068
51.64682;6.450106;92;4.5509996
51.646909;6.44992;92;6.068
51.646999;6.449727;90;4.5509996
51.647103;6.449469;90;4.5509996
51.647196;6.449214;88;4.5509996
51.64723;6.449122;88;4.5509996
51.647278;6.449073;86;4.5509996
51.647296;6.44903;84;4.5509996
51.647303;6.448985;81;4.5509996
51.647324;6.44895;82;6.068
51.64735;6.448929;82;4.5509996
51.647384;6.448928;82;4.5509996
51.647389;6.448924;84;4.5509996
51.647392;6.448927;84;4.5509996
51.647405;6.448913;85;4.5509996
51.647435;6.448864;84;4.5509996
51.647477;6.448796;84;4.5509996
51.647508;6.448757;82;4.5509996
51.647532;6.448703;80;4.5509996
51.647509;6.448695;81;4.5509996
51.647515;6.448701;79;4.5509996
51.647598;6.44865;78;4.5509996
51.647696;6.448583;81;4.5509996
51.64776;6.448549;84;4.5509996
51.647792;6.448538;84;6.068
51.647789;6.448542;84;6.068
51.647801;6.448541;86;6.068
51.647807;6.448542;87;4.5509996
51.647812;6.448543;87;4.5509996
51.6479;6.448447;0;20.614
51.64786;6.448478;86;4.5509996
51.647929;6.448423;86;4.5509996
51.647985;6.448382;84;4.5509996
51.648055;6.448313;84;4.5509996
51.648116;6.448255;83;4.5509996
51.648185;6.448167;84;4.5509996
51.64826;6.448089;85;4.5509996
51.64835;6.448004;85;4.5509996
51.648451;6.447915;85;4.5509996
51.648521;6.447854;85;4.5509996
51.648592;6.447792;84;4.5509996
51.648673;6.447759;80;4.5509996
51.648744;6.447739;81;6.068
51.648798;6.447724;83;9.101999
51.64886;6.447639;82;10.6189995
51.64894;6.447526;83;7.585
51.649055;6.447406;80;6.068
51.649164;6.447259;79;6.068
51.649208;6.447172;78;6.068
51.649232;6.447134;80;6.068
51.649262;6.447084;83;4.5509996
51.649826;6.446984;0;21.631
51.649307;6.447041;83;6.068
51.649319;6.447023;81;6.068
51.649332;6.447028;80;6.068
51.649347;6.446988;78;6.068
51.64938;6.446954;80;4.5509996
51.649406;6.44692;80;4.5509996
51.649433;6.446898;81;6.068
51.649471;6.446879;82;6.068
51.649499;6.446864;83;6.068
51.649539;6.446819;83;6.068
51.649603;6.446767;79;4.5509996
51.649667;6.446719;79;6.068
51.649714;6.446659;81;6.068
51.649737;6.44663;81;6.068
51.649751;6.44663;80;6.068
51.649766;6.446607;80;4.5509996
51.649925;6.446496;0;19.541
51.649851;6.44649;80;6.068
51.649927;6.44642;79;7.585
51.64999;6.446366;78;7.585
51.649996;6.446334;80;6.068
51.649999;6.446315;81;6.068
51.649997;6.446331;82;6.068
51.650106;6.446112;0;20.016
51.650011;6.446328;83;4.5509996
51.650025;6.446308;84;4.5509996
51.650061;6.446273;83;4.5509996
51.650113;6.446244;79;4.5509996
51.650178;6.446326;79;6.068
51.650241;6.446426;79;6.068
51.65043;6.446662;0;20.526
51.650321;6.446583;77;6.068
51.650349;6.446669;78;4.5509996
51.650384;6.446763;78;4.5509996
51.650423;6.446848;79;4.5509996
51.65048;6.446933;79;4.5509996
51.650519;6.447022;76;4.5509996
51.65056;6.447098;75;6.068
51.650595;6.447159;75;6.068
51.65068;6.447172;73;6.068
51.650766;6.447117;74;6.068
51.650854;6.447062;73;6.068
51.650916;6.446986;74;4.5509996
51.650959;6.446895;75;4.5509996
51.651145;6.446821;0;21.382
51.651076;6.446769;75;4.5509996
51.651136;6.446699;75;4.5509996
51.65121;6.44663;76;4.5509996
51.651273;6.446539;76;6.068
51.651327;6.446459;78;4.5509996
51.651375;6.446383;75;4.5509996
51.651431;6.446316;76;6.068
51.651488;6.446242;78;4.5509996
51.651552;6.446192;80;6.068
51.651639;6.446118;78;4.5509996
51.651721;6.446037;76;4.5509996
51.651785;6.445946;77;4.5509996
51.651847;6.445865;79;4.5509996
51.651909;6.44579;79;4.5509996
51.65196;6.44574;79;4.5509996
51.652021;6.445713;78;4.5509996
51.652088;6.445759;78;4.5509996
51.652143;6.44584;75;6.068
51.652206;6.445938;76;4.5509996
51.652251;6.446011;72;6.068
51.652279;6.446082;74;6.068
51.652331;6.446162;77;4.5509996
51.652391;6.446243;78;6.068
51.652444;6.446324;78;4.5509996
51.652485;6.446397;77;4.5509996
51.652538;6.446492;78;4.5509996
51.652589;6.446571;79;4.5509996
51.652653;6.446561;0;19.74
51.652677;6.446714;77;4.5509996
51.652728;6.446815;75;4.5509996
51.652785;6.446923;77;4.5509996
51.652832;6.44702;75;4.5509996
51.652878;6.447115;75;4.5509996
51.65291;6.447176;74;4.5509996
51.652933;6.447419;0;21.366
51.652939;6.447338;75;4.5509996
51.652987;6.447437;73;6.068
51.653043;6.447524;74;6.068
51.653091;6.447617;74;4.5509996
51.653102;6.447668;74;4.5509996
51.653115;6.447734;74;4.5509996
51.653143;6.447801;74;4.5509996
51.653163;6.447841;73;4.5509996
51.653169;6.447864;73;6.068
51.653169;6.447904;74;6.068
51.65317;6.447951;73;6.068
51.653186;6.448014;77;6.068
51.653226;6.448116;79;6.068
51.65331;6.448286;0;19.826
51.653301;6.448299;83;4.5509996
51.653333;6.448401;83;6.068
51.653319;6.448488;82;7.585
51.653352;6.448577;81;7.585
51.653415;6.448663;79;6.068
51.65346;6.448766;79;6.068
51.653493;6.448878;79;4.5509996
51.653529;6.448986;77;4.5509996
51.653557;6.44909;77;4.5509996
51.65359;6.449191;77;4.5509996
51.653635;6.449277;77;4.5509996
51.653695;6.449337;76;4.5509996
51.653743;6.449358;75;4.5509996
51.653811;6.449335;77;4.5509996
51.653874;6.449286;78;4.5509996
51.653917;6.449231;76;6.068
51.65397;6.44917;77;7.585
51.654026;6.449088;76;6.068
51.654065;6.449036;76;6.068
51.654118;6.448976;74;6.068
51.654175;6.448901;74;6.068
51.654246;6.44882;72;6.068
51.654293;6.448758;72;6.068
51.654341;6.4487;71;4.5509996
51.654397;6.44865;71;4.5509996
51.654449;6.4486;72;4.5509996
51.654502;6.448543;72;4.5509996
51.654526;6.448511;71;4.5509996
51.654545;6.448498;69;4.5509996
51.654588;6.448513;70;4.5509996
51.65462;6.448555;68;4.5509996
51.654661;6.44861;70;6.068
51.654699;6.448604;71;7.585
51.654726;6.448595;72;6.068
51.654744;6.448577;71;4.5509996
51.654751;6.448571;69;4.5509996
51.65475;6.448569;69;4.5509996
51.654739;6.448564;69;4.5509996
51.654739;6.448543;70;4.5509996
51.654726;6.448484;0;19.767
51.654746;6.448506;68;4.5509996
51.654753;6.44847;68;6.068
51.654775;6.448453;67;7.585
51.654825;6.44843;67;6.068
51.654859;6.448426;67;6.068
51.654873;6.448422;68;6.068
51.654879;6.448413;68;6.068
51.654877;6.448409;67;6.068
51.654877;6.448408;67;6.068
51.654876;6.448407;67;6.068
51.654761;6.448507;0;19.869
51.654876;6.448407;67;6.068
51.654876;6.448407;67;6.068
51.654876;6.448407;67;6.068
51.654876;6.448407;67;6.068
51.654876;6.448407;67;6.068
51.654879;6.448406;67;7.585
51.654935;6.448504;0;20.345
51.654887;6.448429;68;6.068
51.654919;6.448403;68;7.585
51.654937;6.44838;68;7.585
51.654958;6.448374;69;7.585
51.654974;6.448359;69;6.068
51.654998;6.448335;71;6.068
51.65482;6.448512;0;22.274
51.655034;6.448311;71;7.585
51.655041;6.448281;71;7.585
51.655034;6.448291;70;9.101999
51.655028;6.448297;70;10.6189995
51.655028;6.448314;69;9.101999
51.655023;6.44829;67;7.585
51.655016;6.448267;67;9.101999
51.655003;6.448193;67;7.585
51.654985;6.448158;67;7.585
51.654976;6.448111;67;7.585
51.654967;6.448073;68;7.585
51.654972;6.448067;67;9.101999
51.65498;6.448069;66;10.6189995
51.655016;6.44853;0;19.694
51.654984;6.448071;66;12.136
51.654986;6.448072;67;13.653
51.654987;6.448074;67;16.687
51.654988;6.448074;67;19.720999
51.654988;6.448075;67;15.17
51.65498;6.44807;64;15.17
51.65505;6.448656;0;20.027
51.654927;6.448121;67;10.6189995
51.654931;6.44811;66;6.068
51.654944;6.448113;65;6.068
51.654948;6.448121;65;4.5509996
51.654945;6.448122;65;4.5509996
51.654939;6.44812;65;6.068
51.654925;6.448127;67;6.068
51.654918;6.448139;64;6.068
51.654894;6.44817;64;4.5509996
51.654864;6.448203;62;4.5509996
51.654841;6.448226;64;4.5509996
51.654812;6.448254;61;6.068
51.654787;6.448289;62;6.068
51.654973;6.448626;0;25.012
51.654746;6.448346;64;6.068
51.65471;6.448384;64;6.068
51.654673;6.448417;65;6.068
51.654665;6.448421;66;6.068
51.654662;6.448413;66;4.5509996
51.654657;6.448419;66;4.5509996
51.654649;6.448436;70;6.068
51.654655;6.448451;68;6.068
51.654672;6.448475;68;6.068
51.654709;6.448477;69;6.068
51.65473;6.44848;69;4.5509996
51.65473;6.448481;69;4.5509996
51.654734;6.448485;69;4.5509996
51.654652;6.448553;0;21.507
51.654714;6.448515;70;4.5509996
51.654699;6.44852;68;6.068
51.654705;6.448531;69;6.068
51.654717;6.448537;71;6.068
51.654727;6.448544;71;6.068
51.654727;6.448549;72;6.068
51.654667;6.448611;0;21.647
51.654696;6.448506;70;6.068
51.65469;6.448475;69;4.5509996
51.654687;6.448474;68;4.5509996
51.654685;6.448466;67;4.5509996
51.654677;6.44846;67;4.5509996
51.654673;6.448459;67;4.5509996
51.654673;6.448459;67;4.5509996
51.65468;6.448445;67;4.5509996
51.654697;6.448415;67;6.068
51.654713;6.448395;67;6.068
51.654729;6.448385;66;9.101999
51.654729;6.448377;67;10.6189995
51.654731;6.448376;67;12.136
51.654563;6.448331;0;20.05
51.654737;6.448372;67;10.6189995
51.654737;6.448369;67;7.585
51.654738;6.448371;67;4.5509996
51.654739;6.44837;67;4.5509996
51.654739;6.44837;67;6.068
51.654739;6.448369;68;6.068
51.654739;6.448365;68;6.068
51.654739;6.448364;68;6.068
51.654739;6.448364;68;9.101999
51.654739;6.448364;68;13.653
51.654739;6.448364;68;25.789
51.654739;6.448364;68;37.925
51.654739;6.448364;84;34.891
51.654752;6.44834;74;7.585
51.654762;6.448297;68;4.5509996
51.654804;6.448279;68;4.5509996
51.654837;6.44831;68;6.068
51.654845;6.448319;70;6.068
51.654855;6.448321;71;6.068
51.654862;6.448323;71;7.585
51.654869;6.448322;71;7.585
51.654875;6.448316;70;7.585
51.654874;6.44832;71;7.585
51.654982;6.448456;0;19.617
51.654857;6.448338;69;7.585
51.654876;6.448348;70;7.585
51.654886;6.448364;70;9.101999
51.654895;6.448376;70;10.6189995
51.654899;6.448384;70;10.6189995
51.654897;6.448392;71;7.585
51.654951;6.44848;0;20.357
51.65485;6.448438;68;6.068
51.654832;6.448463;68;4.5509996
51.654814;6.448466;68;4.5509996
51.654802;6.448461;68;4.5509996
51.654794;6.448458;68;4.5509996
51.654792;6.448476;71;4.5509996
51.654798;6.448502;75;4.5509996
51.654785;6.448538;74;4.5509996
51.65477;6.448571;75;6.068
51.654759;6.448571;71;6.068
51.654746;6.448578;71;4.5509996
51.654745;6.448577;70;4.5509996
51.654742;6.448571;69;6.068
51.654844;6.448503;0;21.267
51.654749;6.448546;69;9.101999
51.654762;6.448539;70;10.6189995
51.654761;6.448537;71;7.585
51.654767;6.448538;70;7.585
51.654773;6.44854;70;7.585
51.654791;6.448534;71;10.6189995
51.654941;6.448498;0;19.665
51.654814;6.448428;63;9.101999
51.654818;6.448415;63;9.101999
51.654831;6.448411;65;7.585
51.654834;6.448412;65;9.101999
51.654831;6.448424;67;9.101999
51.654823;6.448441;66;9.101999
51.654816;6.448453;66;6.068
51.654812;6.448461;68;7.585
51.654815;6.448468;69;9.101999
51.654813;6.448471;69;9.101999
51.654807;6.448459;67;9.101999
51.654805;6.448452;67;9.101999
51.654812;6.44845;68;7.585
51.6548;6.448495;0;20.227
51.654824;6.448449;69;6.068
51.65483;6.448454;70;6.068
51.654836;6.448457;70;6.068
51.654845;6.448455;69;6.068
51.654859;6.448427;70;6.068
51.654879;6.448396;67;4.5509996
51.654753;6.44849;0;19.549
51.654902;6.448362;69;6.068
51.654898;6.448361;69;7.585
51.654894;6.448364;70;7.585
51.654891;6.448357;71;9.101999
51.654884;6.448338;70;6.068
51.654856;6.448327;67;6.068
51.654818;6.44835;66;4.5509996
51.654787;6.448356;66;6.068
51.654779;6.448366;64;4.5509996
51.654772;6.448367;65;4.5509996
51.654774;6.448371;64;4.5509996
51.654772;6.448367;65;4.5509996
51.654768;6.448363;65;4.5509996
51.654764;6.448352;66;4.5509996
51.654761;6.448357;66;6.068
51.654766;6.448368;67;6.068
51.654764;6.448359;66;4.5509996
51.654757;6.448327;66;4.5509996
51.654761;6.448317;64;4.5509996
51.654792;6.448325;63;4.5509996
51.654734;6.448471;0;19.987
51.654848;6.448256;66;4.5509996
51.654868;6.448201;67;4.5509996
51.654868;6.448182;67;4.5509996
51.654866;6.448173;67;4.5509996
51.654861;6.448163;66;4.5509996
51.654859;6.448158;66;6.068
51.654859;6.448157;66;9.101999
51.654859;6.448157;66;7.585
51.654859;6.448156;66;7.585
51.654859;6.448156;66;6.068
51.654859;6.448156;66;4.5509996
51.654858;6.448156;66;4.5509996
51.654846;6.448159;67;6.068
51.65496;6.448416;0;19.974
51.654834;6.448208;68;6.068
51.654818;6.44822;67;6.068
51.654839;6.448232;67;6.068
51.65483;6.448233;68;6.068
51.654843;6.448251;68;6.068
51.654838;6.448254;67;4.5509996
51.65491;6.448446;0;19.735
51.654837;6.44826;67;4.5509996
51.654839;6.448259;67;4.5509996
51.65484;6.448283;66;6.068
51.65483;6.448304;67;9.101999
51.654837;6.448332;67;7.585
51.65486;6.448333;70;9.101999
51.654777;6.448445;0;22.164
51.654851;6.448342;72;7.585
51.654845;6.448341;71;7.585
51.654838;6.448338;71;6.068
51.654835;6.448337;70;6.068
